claim_id,person_id,content_type,active_year,sort_order,is_introductory,domain_ids,research_status,source_review_status,translation_review_status,dedup_review_status,publish_status,canonical_key,period_note,reviewer,reviewed_at
fuxi-textual-image-patterns-to-trigrams,fuxi,position,-2900,1,true,tiandao-metaphysics;knowledge-method,canonical,source-reviewed,bilingual-reviewed,reviewed,published,fuxi-textual-image-patterns-to-trigrams,伏羲属于传说人物，无法确证其生平或言论。《系辞》不是传说年代文献，其主体通常置于战国至汉初的《易传》形成层；本节点只表示后世文本归于伏羲的文化奠基者形象。,legendary-founders-2026-07-15-a,2026-07-17
shennong-textual-image-empirical-benefit,shennong,position,-2800,1,true,nature-technology,canonical,source-reviewed,bilingual-reviewed,reviewed,published,shennong-textual-image-empirical-benefit,神农属于传说人物。《淮南子》成书于西汉淮南王刘安宫廷，距传说年代极远；该段是汉代关于文明起源的叙事，不是神农言论或同时代记录。,legendary-founders-2026-07-15-a,2026-07-17
huangdi-medical-tradition-regulated-life,huangdi,position,-2700,1,true,nature-technology;ethics-cultivation;mind-human-nature,canonical,source-reviewed,bilingual-reviewed,reviewed,published,huangdi-medical-tradition-regulated-life,黄帝为传说文化祖先，《黄帝内经》不是其著作。该书由战国至两汉医学材料长期汇编，今本文本又经后世整理；引文说话者是岐伯，本节点仅以黄帝问答框架所代表的医学传统归类。,legendary-founders-2026-07-15-a,2026-07-17
yao-textual-image-virtue-expands-to-all-under-heaven,yao,position,-2300,1,true,politics-governance;ethics-cultivation;society-world,canonical,source-reviewed,bilingual-reviewed,reviewed,published,yao-textual-image-virtue-expands-to-all-under-heaven,尧属于传统圣王叙事，无法由《尧典》确证其历史言论。《尧典》虽可能保存较早传统，其成文和编定远晚于传说中的尧世；本节点只描述文本塑造的政治典范。,legendary-founders-2026-07-15-a,2026-07-17
shun-textual-image-balanced-character-music-education,shun,position,-2200,1,true,education-hermeneutics;aesthetics-art;ethics-cultivation,canonical,source-reviewed,bilingual-reviewed,reviewed,published,shun-textual-image-balanced-character-music-education,舜是传统圣王形象，无法证实其言论。《尧典》《舜典》的分篇和文字层次经历长期传承与编定，文本远晚于所叙传说年代；本节点只归属于《尚书》塑造的舜形象。,legendary-founders-2026-07-15-a,2026-07-17
yu-textual-image-good-government-nourishes-people,yu-the-great,position,-2100,1,true,politics-governance;society-world;ethics-cultivation,canonical,source-reviewed,bilingual-reviewed,reviewed,published,yu-textual-image-good-government-nourishes-people,大禹的历史性及年代无法由该篇证明。《大禹谟》属于东晋出现的伪古文《尚书》篇章，一般不视为先秦原篇，更不可能作为夏代大禹原话；本节点只记录后世经典传本塑造的大禹政治形象。,legendary-founders-2026-07-15-a,2026-07-17
king-wen-textual-tradition-qian-constancy,king-wen-zhou,position,-1100,1,true,tiandao-metaphysics;ethics-cultivation,canonical,source-reviewed,bilingual-reviewed,reviewed,published,king-wen-textual-tradition-qian-constancy,文王为商末周初人物，但“文王作卦辞”是传统作者谱系，现代研究无法逐句证实。卦辞属于早期周代占筮文本的长期形成与编定过程；本节点明确记录传统归属，而非可证的文王个人言论。,legendary-founders-2026-07-15-a,2026-07-17
duke-zhou-textual-image-bright-virtue-cautious-punishment,duke-zhou,position,-1040,1,true,politics-governance;ritual-law;ethics-cultivation,canonical,source-reviewed,bilingual-reviewed,reviewed,published,duke-zhou-textual-image-bright-virtue-cautious-punishment,周公是传统人物而非传说神祇，但《康诰》的说话者、成篇过程和后世编定层次仍有争论；篇章可能保存西周早期语言与政治观念，不能据此证明引文是周公逐字原话或亲笔。,legendary-founders-2026-07-15-a,2026-07-17
guan-zhong-material-security-moral-order,guan-zhong,position,-680,1,true,politics-governance;society-world;ethics-cultivation,canonical,source-reviewed,bilingual-reviewed,reviewed,published,guan-zhong-material-security-moral-order,《管子》是多层累积的管仲学派文献，不能把《牧民》逐字视为管仲亲笔；节点按传统代表人物归属并标明学派编纂性质。,classical-2-2026-07-14-a,2026-07-17
laozi-language-dao,laozi,position,-550,1,true,tiandao-metaphysics;names-language,canonical,source-reviewed,bilingual-reviewed,reviewed,published,laozi-language-dao,,phase1-editorial,2026-07-13
laozi-wuwei-transformation,laozi,position,-550,2,true,tiandao-metaphysics;politics-governance,canonical,source-reviewed,bilingual-reviewed,reviewed,published,laozi-wuwei-transformation,,phase1-editorial,2026-07-13
laozi-model-naturalness,laozi,position,-550,3,true,tiandao-metaphysics;nature-technology,canonical,source-reviewed,bilingual-reviewed,reviewed,published,laozi-model-naturalness,,phase1-editorial,2026-07-13
laozi-reversal-dao,laozi,position,-550,4,false,tiandao-metaphysics,canonical,source-reviewed,bilingual-reviewed,reviewed,published,laozi-reversal-dao,,phase1-editorial,2026-07-14
laozi-softness-overcomes,laozi,position,-550,5,false,tiandao-metaphysics;politics-governance;nature-technology,canonical,source-reviewed,bilingual-reviewed,reviewed,published,laozi-softness-overcomes,,phase1-editorial,2026-07-14
laozi-contentment,laozi,position,-550,6,false,ethics-cultivation,canonical,source-reviewed,bilingual-reviewed,reviewed,published,laozi-contentment,,phase1-editorial,2026-07-14
yan-ying-harmony-not-sameness,yan-ying,position,-530,1,true,politics-governance;ethics-cultivation,canonical,source-reviewed,bilingual-reviewed,reviewed,published,yan-ying-harmony-not-sameness,传世《晏子春秋》为累积编纂，按传统代表人物归于晏婴并明示文本层次。,codex-ultimate-candidate-expansion-2026-07-17,2026-07-17
confucius-ren-ritual,confucius,position,-515,1,true,ethics-cultivation;ritual-law,canonical,source-reviewed,bilingual-reviewed,reviewed,published,confucius-ren-ritual,,phase1-editorial,2026-07-13
confucius-reciprocity,confucius,position,-515,2,true,ethics-cultivation,canonical,source-reviewed,bilingual-reviewed,reviewed,published,confucius-reciprocity,,phase1-editorial,2026-07-13
confucius-rule-virtue,confucius,position,-515,3,true,ethics-cultivation;politics-governance,canonical,source-reviewed,bilingual-reviewed,reviewed,published,confucius-rule-virtue,,phase1-editorial,2026-07-13
confucius-rectification-names,confucius,position,-515,4,false,names-language;ethics-cultivation;politics-governance,canonical,source-reviewed,bilingual-reviewed,reviewed,published,confucius-rectification-names,,phase1-editorial,2026-07-14
confucius-superior-person,confucius,position,-515,5,false,ethics-cultivation,canonical,source-reviewed,bilingual-reviewed,reviewed,published,confucius-superior-person,,phase1-editorial,2026-07-14
confucius-harmony-difference,confucius,position,-515,6,false,ethics-cultivation;politics-governance;history-culture,canonical,source-reviewed,bilingual-reviewed,reviewed,published,confucius-harmony-difference,,phase1-editorial,2026-07-14
sunzi-victory-before-battle,sunzi,position,-500,1,true,politics-governance;knowledge-method,canonical,source-reviewed,bilingual-reviewed,reviewed,published,sunzi-victory-before-battle,《孙子兵法》传统归于孙武，传世本与出土本共同证明早期文本传统；具体编纂层次仍不等于可逐句认定孙武亲笔。,classical-2-2026-07-14-a,2026-07-17
yan-hui-learning-culture-ritual,yan-hui,position,-500,1,true,education-hermeneutics;ethics-cultivation;ritual-law,canonical,source-reviewed,bilingual-reviewed,reviewed,published,yan-hui-learning-culture-ritual,颜回无传世自著；该句是《论语》所保存的颜回第一人称发言，仍经过弟子共同体编纂。,classical-2-2026-07-14-a,2026-07-17
zengzi-confucian-way-zhong-shu,zengzi,position,-470,1,true,ethics-cultivation,canonical,source-reviewed,bilingual-reviewed,reviewed,published,zengzi-confucian-way-zhong-shu,曾子无可确定为亲笔的传世著作；这是《论语》明确署于曾子的解释性发言。,classical-2-2026-07-14-a,2026-07-17
mozi-inclusive-care,mozi,position,-430,1,true,ethics-cultivation;politics-governance,canonical,source-reviewed,bilingual-reviewed,reviewed,published,mozi-inclusive-care,,phase1-editorial,2026-07-13
mozi-care-order,mozi,position,-430,2,true,ethics-cultivation;politics-governance,canonical,source-reviewed,bilingual-reviewed,reviewed,published,mozi-care-order,,phase1-editorial,2026-07-13
mozi-merit-office,mozi,position,-430,3,true,politics-governance,canonical,source-reviewed,bilingual-reviewed,reviewed,published,mozi-merit-office,,phase1-editorial,2026-07-13
mozi-condemn-offensive-war,mozi,position,-430,4,false,ethics-cultivation;politics-governance,canonical,source-reviewed,bilingual-reviewed,reviewed,published,mozi-condemn-offensive-war,,phase1-editorial,2026-07-14
mozi-will-heaven,mozi,position,-430,5,false,tiandao-metaphysics;ethics-cultivation;politics-governance,canonical,source-reviewed,bilingual-reviewed,reviewed,published,mozi-will-heaven,,phase1-editorial,2026-07-14
mozi-frugality,mozi,position,-430,6,false,ethics-cultivation;politics-governance;society-world,canonical,source-reviewed,bilingual-reviewed,reviewed,published,mozi-frugality,,phase1-editorial,2026-07-14
zisi-sincerity-heaven-human-way,zisi,position,-430,1,true,tiandao-metaphysics;ethics-cultivation,canonical,source-reviewed,bilingual-reviewed,reviewed,published,zisi-sincerity-heaven-human-way,《中庸》传统上归于子思，但今本的形成与编纂层次存在学术争议；节点采用传统归属，不声称全文为子思亲笔定本。,classical-2-2026-07-14-a,2026-07-17
liezi-ceaseless-generation-transformation,liezi,position,-400,1,true,tiandao-metaphysics;nature-technology,canonical,source-reviewed,bilingual-reviewed,reviewed,published,liezi-ceaseless-generation-transformation,传世《列子》的成书年代与列御寇历史性均有重大争议；节点代表传世《列子》文本立场，不能证明为战国列御寇亲笔。,classical-2-2026-07-14-a,2026-07-17
yang-zhu-for-self-no-hair-for-world,yang-zhu,position,-400,1,true,ethics-cultivation;politics-governance,canonical,source-reviewed,bilingual-reviewed,reviewed,published,yang-zhu-for-self-no-hair-for-world,杨朱著作已佚；该命题来自思想对手孟子的简短、批评性传述，可靠显示早期接受史中的核心标签，但不能独立重建杨朱全部思想。,classical-2-2026-07-14-a,2026-07-17
shang-yang-law-trust-authority,shang-yang,position,-360,1,true,politics-governance;ritual-law,canonical,source-reviewed,bilingual-reviewed,reviewed,published,shang-yang-law-trust-authority,该段由唐代类书《群书治要》保存并题作《商君子·修权》；商鞅学派文献的具体亲笔作者不能确定，本节点按学派代表人物归属并保留传本限制。,classical-2026-07-14-a,2026-07-17
shen-buhai-technique-name-performance,shen-buhai,position,-350,1,true,politics-governance;names-language,canonical,source-reviewed,bilingual-reviewed,reviewed,published,shen-buhai-technique-name-performance,申不害著作已佚；此命题依据《韩非子》对申不害之“术”的明确传述，而非申不害亲笔原文。,classical-2026-07-14-a,2026-07-17
sun-bin-war-neither-delight-nor-profit,sun-bin,position,-340,1,true,politics-governance;ethics-cultivation,canonical,source-reviewed,bilingual-reviewed,reviewed,published,sun-bin-war-neither-delight-nor-profit,今本据银雀山汉墓出土残简整理；《见威王》以孙膑发言形式保存，但简文有残缺、借字和整理者补字，节点只概括连续可读部分。,classical-2-2026-07-14-a,2026-07-17
mencius-moral-sprouts,mencius,position,-330,1,true,mind-human-nature;ethics-cultivation,canonical,source-reviewed,bilingual-reviewed,reviewed,published,mencius-moral-sprouts,,phase1-editorial,2026-07-13
mencius-nature-good,mencius,position,-330,2,true,mind-human-nature;ethics-cultivation,canonical,source-reviewed,bilingual-reviewed,reviewed,published,mencius-nature-good,,phase1-editorial,2026-07-13
mencius-people-priority,mencius,position,-330,3,true,ethics-cultivation;politics-governance,canonical,source-reviewed,bilingual-reviewed,reviewed,published,mencius-people-priority,,phase1-editorial,2026-07-13
mencius-kingly-way,mencius,position,-330,4,false,ethics-cultivation;politics-governance,canonical,source-reviewed,bilingual-reviewed,reviewed,published,mencius-kingly-way,,phase1-editorial,2026-07-14
mencius-rightness-profit,mencius,position,-330,5,false,ethics-cultivation;politics-governance;society-world,canonical,source-reviewed,bilingual-reviewed,reviewed,published,mencius-rightness-profit,,phase1-editorial,2026-07-14
mencius-flood-like-qi,mencius,position,-330,6,false,mind-human-nature;ethics-cultivation,canonical,source-reviewed,bilingual-reviewed,reviewed,published,mencius-flood-like-qi,,phase1-editorial,2026-07-14
hui-shi-great-one-small-one,hui-shi,position,-320,1,true,tiandao-metaphysics;names-language,canonical,source-reviewed,bilingual-reviewed,reviewed,published,hui-shi-great-one-small-one,惠施著作已佚；命题由《庄子·天下》明确列为惠施的“历物之意”，属于早期传述证据。,classical-2026-07-14-a,2026-07-17
zhuangzi-perspectives,zhuangzi,position,-320,1,true,knowledge-method;names-language,canonical,source-reviewed,bilingual-reviewed,reviewed,published,zhuangzi-perspectives,,phase1-editorial,2026-07-13
zhuangzi-no-fixed-self,zhuangzi,position,-320,2,true,mind-human-nature;ethics-cultivation,canonical,source-reviewed,bilingual-reviewed,reviewed,published,zhuangzi-no-fixed-self,,phase1-editorial,2026-07-13
zhuangzi-ten-thousand-one,zhuangzi,position,-320,3,true,tiandao-metaphysics;nature-technology,canonical,source-reviewed,bilingual-reviewed,reviewed,published,zhuangzi-ten-thousand-one,,phase1-editorial,2026-07-13
zhuangzi-free-easy-wandering,zhuangzi,position,-320,4,false,mind-human-nature;ethics-cultivation;nature-technology,canonical,source-reviewed,bilingual-reviewed,reviewed,published,zhuangzi-free-easy-wandering,,phase1-editorial,2026-07-14
zhuangzi-skill-cultivation,zhuangzi,position,-320,5,false,knowledge-method;ethics-cultivation;nature-technology,canonical,source-reviewed,bilingual-reviewed,reviewed,published,zhuangzi-skill-cultivation,,phase1-editorial,2026-07-14
zhuangzi-life-death,zhuangzi,position,-320,6,false,tiandao-metaphysics;ethics-cultivation,canonical,source-reviewed,bilingual-reviewed,reviewed,published,zhuangzi-life-death,,phase1-editorial,2026-07-14
gaozi-life-is-nature,gaozi,position,-315,1,true,mind-human-nature;ethics-cultivation,canonical,source-reviewed,bilingual-reviewed,reviewed,published,gaozi-life-is-nature,告子无传世自著；该句由《孟子》论辩文本直接引述，人物可能带有文本角色化，但命题归属明确。,classical-2026-07-14-a,2026-07-17
xu-xing-ruler-shares-labor,xu-xing,position,-315,1,true,politics-governance;society-world;ethics-cultivation,canonical,source-reviewed,bilingual-reviewed,reviewed,published,xu-xing-ruler-shares-labor,许行无传世自著；主张由其追随者陈相在《孟子》中转述，并处于孟子的批判语境中。,classical-2026-07-14-a,2026-07-17
shen-dao-follow-necessity,shen-dao,position,-310,1,true,tiandao-metaphysics;knowledge-method,canonical,source-reviewed,bilingual-reviewed,reviewed,published,shen-dao-follow-necessity,慎到著作大部散佚；此为《庄子·天下》对其思想的批评性传述，不等同于慎到自述原句。,classical-2026-07-14-a,2026-07-17
zou-yan-five-virtues-historical-succession,zou-yan,position,-300,1,true,history-culture;tiandao-metaphysics;politics-governance,canonical,source-reviewed,bilingual-reviewed,reviewed,published,zou-yan-five-virtues-historical-succession,邹衍著作已佚；该命题依据《史记》的概括性传述，不把司马迁的措辞冒充邹衍原文。,classical-2-2026-07-14-a,2026-07-17
gongsun-long-white-horse-not-horse,gongsun-long,position,-285,1,true,names-language,canonical,source-reviewed,bilingual-reviewed,reviewed,published,gongsun-long-white-horse-not-horse,《公孙龙子》传本文本复杂，但《白马论》传统上归于公孙龙；本节点仅概括篇内明确论证。,classical-2026-07-14-a,2026-07-17
xunzi-nature-transformation,xunzi,position,-270,1,true,mind-human-nature;ethics-cultivation,canonical,source-reviewed,bilingual-reviewed,reviewed,published,xunzi-nature-transformation,,phase1-editorial,2026-07-13
xunzi-ritual-order,xunzi,position,-270,2,true,ethics-cultivation;politics-governance;ritual-law,canonical,source-reviewed,bilingual-reviewed,reviewed,published,xunzi-ritual-order,,phase1-editorial,2026-07-13
xunzi-heaven-constant,xunzi,position,-270,3,true,tiandao-metaphysics;nature-technology,canonical,source-reviewed,bilingual-reviewed,reviewed,published,xunzi-heaven-constant,,phase1-editorial,2026-07-13
xunzi-encouragement-learning,xunzi,position,-270,4,false,knowledge-method;ethics-cultivation;education-hermeneutics,canonical,source-reviewed,bilingual-reviewed,reviewed,published,xunzi-encouragement-learning,,phase1-editorial,2026-07-14
xunzi-rectification-names,xunzi,position,-270,5,false,names-language;politics-governance,canonical,source-reviewed,bilingual-reviewed,reviewed,published,xunzi-rectification-names,,phase1-editorial,2026-07-14
xunzi-rightness-profit,xunzi,position,-270,6,false,ethics-cultivation;politics-governance;society-world,canonical,source-reviewed,bilingual-reviewed,reviewed,published,xunzi-rightness-profit,,phase1-editorial,2026-07-14
han-fei-two-handles,han-fei,position,-250,1,true,politics-governance;ritual-law,canonical,source-reviewed,bilingual-reviewed,reviewed,published,han-fei-two-handles,传世《韩非子》本篇的直接命题。,classical-2026-07-14-a,2026-07-17
lu-buwei-law-must-change-with-times,lu-buwei,position,-245,1,true,politics-governance;ritual-law;history-culture,canonical,source-reviewed,bilingual-reviewed,reviewed,published,lu-buwei-law-must-change-with-times,《吕氏春秋》由吕不韦主持门客集体编纂；节点按项目主持者归属，但不声称该句为吕不韦亲笔。,classical-2-2026-07-14-a,2026-07-17
li-si-state-strength-through-inclusion,li-si,position,-237,1,true,politics-governance;society-world,canonical,source-reviewed,bilingual-reviewed,reviewed,published,li-si-state-strength-through-inclusion,《谏逐客书》为明确署于李斯的奏议，传世文本亦见《史记·李斯列传》；此处采用独立电子本。,classical-2-2026-07-14-a,2026-07-17
dong-zhongshu-heaven-warns-ruler,dong-zhongshu,position,-140,1,true,politics-governance;nature-technology;religion-transcendence,canonical,source-reviewed,bilingual-reviewed,reviewed,published,dong-zhongshu-heaven-warns-ruler,《汉书》保存的董仲舒对策文本；属于后出史书嵌入的本人奏策，而非《汉书》作者对其思想的概述。,classical-2026-07-14-a,2026-07-17
liu-an-dao-encompasses-cosmos,liu-an,position,-140,1,true,tiandao-metaphysics;nature-technology,canonical,source-reviewed,bilingual-reviewed,reviewed,published,liu-an-dao-encompasses-cosmos,《淮南子》是刘安主持、宾客共同参与的宫廷编纂物；本节点按项目负责人刘安归属，但不声称句句为刘安亲笔。,classical-2026-07-14-a,2026-07-17
liu-an-qi-differentiates-cosmos,liu-an,position,-140,2,false,tiandao-metaphysics;nature-technology,canonical,source-reviewed,bilingual-reviewed,reviewed,published,liu-an-qi-differentiates-cosmos,《淮南子》是刘安主持的宫廷集体编纂，节点归于其思想工程，不声称为刘安亲笔独作。,codex-han-tang-expansion-2026-07-17,2026-07-17
dong-zhongshu-five-phases-governance,dong-zhongshu,position,-135,2,false,tiandao-metaphysics;politics-governance;nature-technology,canonical,source-reviewed,bilingual-reviewed,reviewed,published,dong-zhongshu-five-phases-governance,《春秋繁露》今本不是可以逐篇无条件归于董仲舒的单一作者文本；按传统思想谱系归属。,codex-han-tang-expansion-2026-07-17,2026-07-17
sima-tan-six-schools-shared-governance,sima-tan,position,-125,1,true,history-culture;politics-governance,canonical,source-reviewed,bilingual-reviewed,reviewed,published,sima-tan-six-schools-shared-governance,司马迁在《太史公自序》中明确把《论六家要旨》归于其父司马谈，文本以嵌入文章形式保存。,classical-2026-07-14-a,2026-07-17
sima-qian-death-value-by-purpose,sima-qian,position,-105,1,true,ethics-cultivation;history-culture,canonical,source-reviewed,bilingual-reviewed,reviewed,published,sima-qian-death-value-by-purpose,《汉书》保存的司马迁书信文本；属于后出史书嵌入的本人文字，而非班固对其观点的概括。,classical-2-2026-07-14-a,2026-07-17
yang-xiong-nature-mixed-cultivation,yang-xiong,position,-10,1,true,mind-human-nature;ethics-cultivation,canonical,source-reviewed,bilingual-reviewed,reviewed,published,yang-xiong-nature-mixed-cultivation,扬雄《法言》本篇的直接命题。,classical-2-2026-07-14-a,2026-07-17
huan-tan-spirit-dependent-on-body,huan-tan,position,5,1,true,mind-human-nature;tiandao-metaphysics;nature-technology,canonical,source-reviewed,bilingual-reviewed,reviewed,published,huan-tan-spirit-dependent-on-body,《新论》原书已佚，此段由梁代《弘明集》以“晋桓谭”名义保存；节点据辑佚材料收录，并保留传抄与时代题署问题。,classical-2-2026-07-14-a,2026-07-17
wang-chong-spontaneous-generation,wang-chong,position,65,1,true,tiandao-metaphysics;nature-technology,canonical,source-reviewed,bilingual-reviewed,reviewed,published,wang-chong-spontaneous-generation,王充《论衡》本篇的直接命题。,classical-2026-07-14-a,2026-07-17
wang-chong-dead-lack-awareness,wang-chong,position,85,2,false,mind-human-nature;tiandao-metaphysics;religion-transcendence,canonical,source-reviewed,bilingual-reviewed,reviewed,published,wang-chong-dead-lack-awareness,《论衡》传世本中王充的系统论辩。,codex-han-tang-expansion-2026-07-17,2026-07-17
ban-zhao-educate-women,ban-zhao,position,100,1,true,education-hermeneutics;society-world;ethics-cultivation,canonical,source-reviewed,bilingual-reviewed,reviewed,published,ban-zhao-educate-women,《女诫》传统一直归班昭；现存文本经过长期抄刻。该命题同时保留其倡导女教与维护性别等级的历史张力。,codex-medieval-source-review-2,2026-07-17
wang-fu-people-ground-state,wang-fu,position,150,1,true,politics-governance;society-world,canonical,source-reviewed,bilingual-reviewed,reviewed,published,wang-fu-people-ground-state,采用《潜夫论》传世本；命题限于〈爱日〉可直接支持的民生—农时论证。,codex-medieval-source-review-2,2026-07-17
zheng-xuan-ritual-constitutes-person,zheng-xuan,position,190,1,true,ritual-law;ethics-cultivation,canonical,source-reviewed,bilingual-reviewed,reviewed,published,zheng-xuan-ritual-constitutes-person,经文与注文须分层：此句见《礼记·礼器》传本文本，郑玄注文以身体结构阐释“礼”。公开时归作“郑玄对礼的解释”，不称其原创经句。,codex-medieval-source-review-2,2026-07-17
zhongchang-tong-human-affairs-primary,zhongchang-tong,position,205,1,true,politics-governance;knowledge-method,canonical,source-reviewed,bilingual-reviewed,reviewed,published,zhongchang-tong-human-affairs-primary,《昌言》多由《后汉书》等保存并经后世辑佚，本条按传世辑本文字。,codex-ultimate-candidate-expansion-2026-07-17,2026-07-17
he-yan-nonbeing-ground-of-being,he-yan,position,240,1,true,tiandao-metaphysics,canonical,source-reviewed,bilingual-reviewed,reviewed,published,he-yan-nonbeing-ground-of-being,《道論》原书已佚；此句经西晋张湛《列子注》引录而保存。因此可作为早期传承明确归于何晏的残篇命题，但不应假装拥有完整篇章语境。,codex-medieval-source-review,2026-07-17
wang-bi-being-rooted-in-nonbeing,wang-bi,position,245,1,true,tiandao-metaphysics,canonical,source-reviewed,bilingual-reviewed,reviewed,published,wang-bi-being-rooted-in-nonbeing,采用通行王弼《老子注》文本；命题是对该章注文的规范化概括，而非把《老子》经文直接改署王弼。,codex-medieval-source-review,2026-07-17
wang-bi-forget-words-grasp-meaning,wang-bi,position,245,2,false,names-language;knowledge-method;tiandao-metaphysics,canonical,source-reviewed,bilingual-reviewed,reviewed,published,wang-bi-forget-words-grasp-meaning,《周易略例》传统与文本系统稳定归于王弼。,codex-han-tang-expansion-2026-07-17,2026-07-17
ji-kang-sound-without-emotion,ji-kang,position,250,1,true,aesthetics-art;mind-human-nature,canonical,source-reviewed,bilingual-reviewed,reviewed,published,ji-kang-sound-without-emotion,《声无哀乐论》为嵇康现存论著；规范命题综合文中同一论证段的两句，并未把对话中秦客的反方意见误归给嵇康。,codex-medieval-source-review,2026-07-17
ji-kang-nourishing-life-unifies-body-spirit,ji-kang,position,250,2,false,ethics-cultivation;mind-human-nature;nature-technology,canonical,source-reviewed,bilingual-reviewed,reviewed,published,ji-kang-nourishing-life-unifies-body-spirit,数字寿命保留为文本历史主张，不作为医学事实背书。,codex-han-tang-expansion-2026-07-17,2026-07-17
ruan-ji-great-person-beyond-ritual,ruan-ji,position,250,1,true,ethics-cultivation;politics-governance,canonical,source-reviewed,bilingual-reviewed,reviewed,published,ruan-ji-great-person-beyond-ritual,命题归于阮籍塑造的“大人先生”理想人格，不把作品中的君子来书等反方话语误归作者。,codex-medieval-source-review-2,2026-07-17
xiang-xiu-desire-natural-but-ritually-regulated,xiang-xiu,position,260,1,true,ethics-cultivation;mind-human-nature,canonical,source-reviewed,bilingual-reviewed,reviewed,published,xiang-xiu-desire-natural-but-ritually-regulated,现存文本见嵇康文集系统及后代总集。该句是向秀对嵇康的诘难；规范命题补入其同篇“以礼节之”的限制，避免误读为纵欲论。,codex-medieval-source-review-2,2026-07-17
lu-sheng-names-distinguish-and-govern,lu-sheng,position,290,1,true,names-language;knowledge-method;politics-governance,canonical,source-reviewed,bilingual-reviewed,reviewed,published,lu-sheng-names-distinguish-and-govern,据现存序文直接归于鲁胜。,codex-ultimate-candidate-expansion-2026-07-17,2026-07-17
pei-wei-being-self-generates,pei-wei,position,290,1,true,tiandao-metaphysics;politics-governance,canonical,source-reviewed,bilingual-reviewed,reviewed,published,pei-wei-being-self-generates,《崇有论》全篇主要靠《晋书·裴頠传》保存；命题按史书所录残篇归于裴頠，不假定已经见到独立原刊本。,codex-medieval-source-review-2,2026-07-17
guo-xiang-things-self-generate,guo-xiang,position,300,1,true,tiandao-metaphysics;nature-technology,canonical,source-reviewed,bilingual-reviewed,reviewed,published,guo-xiang-things-self-generate,以现存郭象整理本《庄子注》为归属单位。史籍记载郭象曾利用向秀旧注，因此本命题可稳妥归于“郭象本注的现存形态”，不主张其措辞必为郭象独创。,codex-medieval-source-review,2026-07-17
guo-xiang-independence-through-dependence,guo-xiang,position,300,2,false,tiandao-metaphysics;ethics-cultivation;society-world,canonical,source-reviewed,bilingual-reviewed,reviewed,published,guo-xiang-independence-through-dependence,这是郭象注文的规范化概括，不与《庄子》经文作者混同。,codex-han-tang-expansion-2026-07-17,2026-07-17
ge-hong-immortality-learnable,ge-hong,position,320,1,true,religion-transcendence;ethics-cultivation;nature-technology,canonical,source-reviewed,bilingual-reviewed,reviewed,published,ge-hong-immortality-learnable,引文后半是对方质问，葛洪在随后答辩中否定“仙人有种”。规范命题依据整段论证，不把问者反论当作者结论。,codex-medieval-source-review-2,2026-07-17
ge-hong-virtue-precedes-immortality,ge-hong,position,320,2,false,ethics-cultivation;religion-transcendence,canonical,source-reviewed,bilingual-reviewed,reviewed,published,ge-hong-virtue-precedes-immortality,据传世《抱朴子内篇》归于葛洪。,codex-han-tang-expansion-2026-07-17,2026-07-17
zhi-dun-freedom-not-mere-satisfaction,zhi-dun,position,350,1,true,mind-human-nature;ethics-cultivation;tiandao-metaphysics,canonical,source-reviewed,bilingual-reviewed,reviewed,published,zhi-dun-freedom-not-mere-satisfaction,《逍遥论》已佚，现段由南朝刘孝标《世说新语注》转引；只能按明确引文归于支遁，篇章全貌不可复原。,codex-medieval-source-review-2,2026-07-17
huiyuan-monastic-autonomy,huiyuan,position,400,1,true,politics-governance;religion-transcendence;ethics-cultivation,canonical,source-reviewed,bilingual-reviewed,reviewed,published,huiyuan-monastic-autonomy,文章收于僧祐《弘明集》，作者归属明确；规范命题并列其礼仪自治与助王化两面，避免只截取为现代政教分离论。,codex-medieval-source-review-2,2026-07-17
sengzhao-emptiness-not-annihilation,sengzhao,position,410,1,true,tiandao-metaphysics;knowledge-method,canonical,source-reviewed,bilingual-reviewed,reviewed,published,sengzhao-emptiness-not-annihilation,依《大正藏》所收《肇论》通行文本归于僧肇；命题严格保留“非有非无”的双重限定，避免误写成单纯虚无主义。,codex-medieval-source-review,2026-07-17
sengzhao-motion-and-stillness-nondual,sengzhao,position,410,2,false,tiandao-metaphysics;knowledge-method,canonical,source-reviewed,bilingual-reviewed,reviewed,published,sengzhao-motion-and-stillness-nondual,以僧肇现存论书为依据；悖论须结合全文理解。,codex-han-tang-expansion-2026-07-17,2026-07-17
daosheng-all-beings-can-become-buddhas,daosheng,position,430,1,true,religion-transcendence;mind-human-nature,canonical,source-reviewed,bilingual-reviewed,reviewed,published,daosheng-all-beings-can-become-buddhas,《法华经疏》现本题竺道生撰，文本经后世藏本传承。道生多部相关论著已佚；这里只发布现存疏文能直接支持的“普遍成佛可能”，不把后世传记中的阐提故事伪装成作者原句。,codex-medieval-source-review,2026-07-17
fan-zhen-mind-function-of-body,fan-zhen,position,490,1,true,mind-human-nature;tiandao-metaphysics,canonical,source-reviewed,bilingual-reviewed,reviewed,published,fan-zhen-mind-function-of-body,《神灭论》由《梁书·范缜传》和《弘明集》相关论辩保存，文字有小异；此处采用两系共有的核心段。,codex-medieval-source-review-2,2026-07-17
bodhidharma-two-entrances-practice,bodhidharma,position,520,1,true,religion-transcendence;ethics-cultivation;mind-human-nature,canonical,source-reviewed,bilingual-reviewed,reviewed,published,bodhidharma-two-entrances-practice,现存文本出自敦煌写本及后世传本系统，篇首有传统归于昙林的序。学界对本文各层及其是否可逐字归于菩提达摩仍有争论；此处只称“早期达摩传统所保存的教说”，不冒充达摩同期录音或亲笔。,codex-zen-modern-source-review,2026-07-17
zhiyi-three-thousand-in-one-thought,zhiyi,position,594,1,true,tiandao-metaphysics;mind-human-nature;religion-transcendence,canonical,source-reviewed,bilingual-reviewed,reviewed,published,zhiyi-three-thousand-in-one-thought,《摩诃止观》是智顗讲说、弟子灌顶记录整理的讲本，故归属应表述为“智顗说、灌顶记”，不当作智顗亲笔定稿。,codex-medieval-source-review,2026-07-17
jizang-two-truths-pedagogical,jizang,position,600,1,true,knowledge-method;names-language;tiandao-metaphysics,canonical,source-reviewed,bilingual-reviewed,reviewed,published,jizang-two-truths-pedagogical,《二谛义》为吉藏讲述系统的现存著作。规范命题遵循其“二谛是教”立场，不把后世概括当作原句。,codex-medieval-source-review-2,2026-07-17
wang-tong-learning-serves-governance,wang-tong-sui,position,605,1,true,politics-governance;education-hermeneutics,canonical,source-reviewed,bilingual-reviewed,reviewed,published,wang-tong-learning-serves-governance,旧题王通、门人记录；按学派文本归属并保留编纂警示。,codex-ultimate-candidate-expansion-2026-07-17,2026-07-17
du-shun-emptiness-form-nonobstruction,du-shun,position,620,1,true,tiandao-metaphysics;religion-transcendence,canonical,source-reviewed,bilingual-reviewed,reviewed,published,du-shun-emptiness-form-nonobstruction,《法界观门》不见杜顺同时代独立本，主要嵌存于较晚的澄观《华严法界玄镜》；现代研究对杜顺作者身份有争论，故仅作“传统归于杜顺”的观点。,codex-medieval-source-review-2,2026-07-17
lv-cai-test-divination-against-classics,lv-cai,position,640,1,true,knowledge-method;nature-technology,canonical,source-reviewed,bilingual-reviewed,reviewed,published,lv-cai-test-divination-against-classics,《旧唐书》保存吕才奉诏刊定阴阳书的奏议文字。,codex-ultimate-candidate-expansion-2026-07-17,2026-07-17
xuanzang-color-not-apart-consciousness,xuanzang,position,650,1,true,knowledge-method;mind-human-nature;names-language,canonical,source-reviewed,bilingual-reviewed,reviewed,published,xuanzang-color-not-apart-consciousness,量式相传为玄奘在曲女城所立，现存文字由弟子窥基等后来的因明注疏保存，并非玄奘亲笔独立著作；据此标注为“后世弟子传录的口头论式”。,codex-medieval-source-review-2,2026-07-17
kuiji-consciousness-only-not-nihilism,kuiji,position,680,1,true,knowledge-method;mind-human-nature;tiandao-metaphysics,canonical,source-reviewed,bilingual-reviewed,reviewed,published,kuiji-consciousness-only-not-nihilism,该短句见窥基唯识注疏系统，规范命题按其上下文解释“遮”与“简”，不把“唯识”误写成经验世界不存在。,codex-medieval-source-review-2,2026-07-17
fazang-dependent-arising-golden-lion,fazang,position,700,1,true,tiandao-metaphysics;religion-transcendence,canonical,source-reviewed,bilingual-reviewed,reviewed,published,fazang-dependent-arising-golden-lion,通行大藏经本题“唐崇福寺贤首法师法藏述”。命题取该书首两门的连续论证，不以晚出注释文字代替法藏正文。,codex-medieval-source-review,2026-07-17
fazang-one-is-all-nonobstruction,fazang,position,700,2,false,tiandao-metaphysics;religion-transcendence;knowledge-method,canonical,source-reviewed,bilingual-reviewed,reviewed,published,fazang-one-is-all-nonobstruction,据法藏署名著作的传世大藏经本。,codex-han-tang-expansion-2026-07-17,2026-07-17
huineng-intrinsically-pure-self-nature,huineng,position,700,1,true,mind-human-nature;religion-transcendence;ethics-cultivation,canonical,source-reviewed,bilingual-reviewed,reviewed,published,huineng-intrinsically-pure-self-nature,所引为元代宗宝编定的通行《坛经》系统，远晚于惠能本人；可归入“惠能传统/《坛经》所塑造的惠能思想”，不能声称是有同时代记录保证的逐字原话。,codex-medieval-source-review,2026-07-17
shenxiu-concentrate-mind-quiet-thought,shenxiu,position,700,1,true,mind-human-nature;ethics-cultivation;religion-transcendence,canonical,source-reviewed,bilingual-reviewed,reviewed,published,shenxiu-concentrate-mind-quiet-thought,引文是张说对神秀教法的身后碑传概述，不是神秀第一人称原话。为避免后出南宗叙事污染，未采用《坛经》壁偈作为直接证据。,codex-medieval-source-review-2,2026-07-17
shenhui-no-thought-and-nonaction,shenhui,position,740,1,true,mind-human-nature;ethics-cultivation;religion-transcendence,canonical,source-reviewed,bilingual-reviewed,reviewed,published,shenhui-no-thought-and-nonaction,《显宗记》传统归神会，但现存定型文本收入北宋《景德传灯录》，与敦煌神会语录的关系仍需文献分层；因此标为后出归名材料，不声称逐字出自神会。,codex-medieval-source-review-2,2026-07-17
mazu-mind-is-buddha,mazu-daoyi,position,770,1,true,mind-human-nature;religion-transcendence;ethics-cultivation,canonical,source-reviewed,bilingual-reviewed,reviewed,published,mazu-mind-is-buddha,现存《景德传灯录》成书于1004年，晚于马祖两百余年；该命题是宋代灯录所保存的马祖传统，不可当作同时代速记。与较早《祖堂集》可作后续复核。,codex-medieval-source-review-2,2026-07-17
han-yu-ren-yi-dao-de,han-yu,position,800,1,true,ethics-cultivation;politics-governance,canonical,source-reviewed,bilingual-reviewed,reviewed,published,han-yu-ren-yi-dao-de,《原道》归属无重大争议；规范命题保留韩愈四概念的递进关系，不单摘“博爱”作现代普遍主义口号。,codex-medieval-source-review-2,2026-07-17
han-yu-confucian-succession,han-yu,position,800,2,false,history-culture;education-hermeneutics;politics-governance,canonical,source-reviewed,bilingual-reviewed,reviewed,published,han-yu-confucian-succession,明确标作韩愈的规范性历史建构。,codex-han-tang-expansion-2026-07-17,2026-07-17
li-ao-nature-obscured-by-emotions,li-ao,position,810,1,true,mind-human-nature;ethics-cultivation,canonical,source-reviewed,bilingual-reviewed,reviewed,published,li-ao-nature-obscured-by-emotions,《复性书》传世于《李文公集》。规范命题不把李翱的“情”简单等同全部情感邪恶，而按其“情能蔽性、可制而复性”的论证表述。,codex-medieval-source-review-2,2026-07-17
liu-zongyuan-enfeoffment-product-of-circumstance,liu-zongyuan,position,810,1,true,politics-governance;history-culture,canonical,source-reviewed,bilingual-reviewed,reviewed,published,liu-zongyuan-enfeoffment-product-of-circumstance,《封建论》归属无重大争议。此处“封建”指封邦建国制度，不应用近现代“封建社会”概念替换。,codex-medieval-source-review-2,2026-07-17
liu-zongyuan-heaven-human-separate-functions,liu-zongyuan,position,810,2,false,tiandao-metaphysics;politics-governance;nature-technology,canonical,source-reviewed,bilingual-reviewed,reviewed,published,liu-zongyuan-heaven-human-separate-functions,与刘禹锡天论往复的语境须保留；此处仅概括柳宗元反灾异目的论的一面。,codex-han-tang-expansion-2026-07-17,2026-07-17
zongmi-sudden-awakening-gradual-cultivation,zongmi,position,830,1,true,mind-human-nature;knowledge-method;ethics-cultivation;religion-transcendence,canonical,source-reviewed,bilingual-reviewed,reviewed,published,zongmi-sudden-awakening-gradual-cultivation,《禅源诸诠集都序》为宗密现存著述。规范命题结合此段“顿悟本净”与该书明确的依悟起修框架，未把“顿悟”误写成无需后续修行。,codex-medieval-source-review,2026-07-17
zongmi-originally-aware-true-mind,zongmi,position,830,2,false,mind-human-nature;religion-transcendence;education-hermeneutics,canonical,source-reviewed,bilingual-reviewed,reviewed,published,zongmi-originally-aware-true-mind,据宗密《原人论》大藏经本。,codex-han-tang-expansion-2026-07-17,2026-07-17
huangbo-one-mind-no-external-buddha,huangbo-xiyun,position,850,1,true,mind-human-nature;religion-transcendence;ethics-cultivation,canonical,source-reviewed,bilingual-reviewed,reviewed,published,huangbo-one-mind-no-external-buddha,裴休自称在会昌二年与大中二年向黄檗问道，退而记录，并于857年作序付出；它接近黄檗时代，仍是弟子整理的选择性记录（裴休自称“十得一二”），不是逐字同期实录。,codex-zen-modern-source-review,2026-07-17
linji-master-of-every-situation,linji-yixuan,position,860,1,true,mind-human-nature;ethics-cultivation;religion-transcendence,canonical,source-reviewed,bilingual-reviewed,reviewed,published,linji-master-of-every-situation,《临济录》虽题慧然集，今本经北宋圆觉于1120年重编刊行，距义玄去世约两个半世纪，且经历禅门语录的编纂定型；命题应称“临济语录传统所归于义玄”，不能当作唐代现场逐字记录。,codex-zen-modern-source-review,2026-07-17
wunengzi-humans-continuous-with-animals,wunengzi,position,890,1,true,society-world;nature-technology;tiandao-metaphysics,canonical,source-reviewed,bilingual-reviewed,reviewed,published,wunengzi-humans-continuous-with-animals,无能子为晚唐匿名作者的文本人格，节点不虚构具体生平。,codex-ultimate-candidate-expansion-2026-07-17,2026-07-17
zhou-dunyi-sincerity-root-practice,zhou-dunyi,position,1045,2,false,ethics-cultivation;tiandao-metaphysics,canonical,source-reviewed,bilingual-reviewed,reviewed,published,zhou-dunyi-sincerity-root-practice,周敦颐本人著作；省略号连接相邻两篇的互补表述。,codex-song-qing-primary-and-comparative-pass,2026-07-17
zhang-zai-cosmic-kinship,zhang-zai,position,1048,2,false,ethics-cultivation;society-world;tiandao-metaphysics,canonical,source-reviewed,bilingual-reviewed,reviewed,published,zhang-zai-cosmic-kinship,张载本人铭文。,codex-song-qing-primary-and-comparative-pass,2026-07-17
shao-yong-cosmos-correlative-pairs,shao-yong,position,1065,1,true,tiandao-metaphysics;nature-technology,canonical,source-reviewed,bilingual-reviewed,reviewed,published,shao-yong-cosmos-correlative-pairs,取《观物内篇》正文；不采用归属较复杂的《观物外篇》语录作为本条核心证据。,codex-primary-source-pass,2026-07-17
zhou-dunyi-taiji-yinyang-generation,zhou-dunyi,position,1065,1,true,tiandao-metaphysics,canonical,source-reviewed,bilingual-reviewed,reviewed,published,zhou-dunyi-taiji-yinyang-generation,作者署名为周敦颐；电子本据《重刊道藏辑要》本，公开前仍应以整理本复核异文。,codex-primary-source-pass,2026-07-17
cheng-yi-nature-is-principle,cheng-yi,position,1070,2,false,mind-human-nature;tiandao-metaphysics;ethics-cultivation,canonical,source-reviewed,bilingual-reviewed,reviewed,published,cheng-yi-nature-is-principle,程颐语，由门人记录；不同辑本字句略有异文。,codex-song-qing-primary-and-comparative-pass,2026-07-17
zhang-zai-great-void-qi,zhang-zai,position,1070,1,true,tiandao-metaphysics,canonical,source-reviewed,bilingual-reviewed,reviewed,published,zhang-zai-great-void-qi,《正蒙》为张载本人著作；标点依电子校录本，公开前应与中华书局整理本复核。,codex-primary-source-pass,2026-07-17
cheng-hao-ren-one-body,cheng-hao,position,1075,1,true,ethics-cultivation;tiandao-metaphysics,canonical,source-reviewed,bilingual-reviewed,reviewed,published,cheng-hao-ren-one-body,属程门弟子记录的程颢语录，而非程颢手定文稿；《性理大全书》保存平行文本。,codex-primary-source-pass,2026-07-17
su-shi-knowledge-requires-practice,su-shi,position,1084,1,true,knowledge-method;ethics-cultivation,canonical,source-reviewed,bilingual-reviewed,reviewed,published,su-shi-knowledge-requires-practice,苏轼本人论说文；规范命题同时依据全文末尾北人学没的实践譬喻。,codex-primary-source-pass,2026-07-17
cheng-yi-reverence-investigation,cheng-yi,position,1085,1,true,ethics-cultivation;knowledge-method,canonical,source-reviewed,bilingual-reviewed,reviewed,published,cheng-yi-reverence-investigation,属门人所记程颐语录；该句在二程文献与后世引录中归属稳定，但仍标明记录体性质。,codex-primary-source-pass,2026-07-17
hu-hong-nature-beyond-good-evil,hu-hong,position,1150,1,true,mind-human-nature;tiandao-metaphysics;ethics-cultivation,canonical,source-reviewed,bilingual-reviewed,reviewed,published,hu-hong-nature-beyond-good-evil,胡宏本人著作；“性超善恶”历来争议较大，解释避免把它误写成价值虚无主义。,codex-primary-source-pass,2026-07-17
zhu-xi-investigate-things-cumulative,zhu-xi,position,1165,2,false,knowledge-method;education-hermeneutics;ethics-cultivation,canonical,source-reviewed,bilingual-reviewed,reviewed,published,zhu-xi-investigate-things-cumulative,朱熹补写的格物传文。,codex-song-qing-primary-and-comparative-pass,2026-07-17
lu-jiuyuan-remove-obscurations-original-mind,lu-jiuyuan,position,1166,2,false,mind-human-nature;ethics-cultivation;knowledge-method,canonical,source-reviewed,bilingual-reviewed,reviewed,published,lu-jiuyuan-remove-obscurations-original-mind,陆九渊语，由门人记录。,codex-song-qing-primary-and-comparative-pass,2026-07-17
zhang-shi-righteousness-without-profit-motive,zhang-shi,position,1175,1,true,ethics-cultivation,canonical,source-reviewed,bilingual-reviewed,reviewed,published,zhang-shi-righteousness-without-profit-motive,由同时代友人朱熹在神道碑中明确标为张栻“常言”；不是张栻现存手稿，故单列早期传记见证。,codex-primary-source-pass,2026-07-17
lu-jiuyuan-mind-universe,lu-jiuyuan,position,1180,1,true,mind-human-nature;tiandao-metaphysics;ethics-cultivation,canonical,source-reviewed,bilingual-reviewed,reviewed,published,lu-jiuyuan-mind-universe,此语由年谱保存为陆九渊少年时所书，并非现存亲笔原稿；因此来源类型明确标为早期传记编次，不能伪装成手定论说文。,codex-primary-source-pass,2026-07-17
lv-zuqian-historical-situated-understanding,lv-zuqian,position,1180,1,true,history-culture;education-hermeneutics;ethics-cultivation,canonical,source-reviewed,bilingual-reviewed,reviewed,published,lv-zuqian-historical-situated-understanding,门人课堂记录，非吕祖谦手定文本；句读依现代整理本，发布前保留记录体标签。,codex-primary-source-pass,2026-07-17
zhu-xi-ren-generative-heart,zhu-xi,position,1180,1,true,ethics-cultivation;tiandao-metaphysics;nature-technology,canonical,source-reviewed,bilingual-reviewed,reviewed,published,zhu-xi-ren-generative-heart,朱熹本人论说文；不同版本字句或有细微差异，卷次与篇名明确。,codex-primary-source-pass,2026-07-17
chen-liang-dao-within-things-affairs,chen-liang,position,1185,1,true,tiandao-metaphysics;politics-governance;history-culture,canonical,source-reviewed,bilingual-reviewed,reviewed,published,chen-liang-dao-within-things-affairs,陈亮本人文章；两句在同一论道语境中，规范命题未套用现代“唯物主义”标签。,codex-primary-source-pass,2026-07-17
ye-shi-one-realized-through-pairs,ye-shi,position,1200,1,true,tiandao-metaphysics;knowledge-method;nature-technology,canonical,source-reviewed,bilingual-reviewed,reviewed,published,ye-shi-one-realized-through-pairs,叶适本人策论文；规范命题用“相待结构”，不直接套用现代辩证法术语。,codex-primary-source-pass,2026-07-17
xu-heng-reverence-and-investigation,xu-heng,position,1270,1,true,ethics-cultivation;knowledge-method,canonical,source-reviewed,bilingual-reviewed,reviewed,published,xu-heng-reverence-and-investigation,门人编录许衡语；后半句沿用《易传》语汇，需保留语录文本层次。,codex-primary-source-pass,2026-07-17
wang-yinglin-learning-requires-broad-evidence,wang-yinglin,position,1275,1,true,knowledge-method;history-culture;education-hermeneutics,canonical,source-reviewed,bilingual-reviewed,reviewed,published,wang-yinglin-learning-requires-broad-evidence,王应麟本人札记；规范命题是对本条与全书互证体例的谨慎概括，不声称他提出现代历史学方法。,codex-primary-source-pass,2026-07-17
wu-cheng-dao-within-mind,wu-cheng,position,1300,1,true,mind-human-nature;tiandao-metaphysics;ethics-cultivation,canonical,source-reviewed,bilingual-reviewed,reviewed,published,wu-cheng-dao-within-mind,吴澄本人文章；“内求”不等于排斥读书，解释保留其经学实践背景。,codex-primary-source-pass,2026-07-17
wu-yubi-learning-in-minute-affairs,wu-yubi,position,1440,1,true,ethics-cultivation;education-hermeneutics,canonical,source-reviewed,bilingual-reviewed,reviewed,published,wu-yubi-learning-in-minute-affairs,吴与弼本人日录所记教学场景；短句依前后共同耕作语境解释，不泛化为一般职业格言。,codex-primary-source-pass,2026-07-17
chen-xianzhang-stillness-moral-intimation,chen-xianzhang,position,1475,1,true,ethics-cultivation;mind-human-nature;knowledge-method,canonical,source-reviewed,bilingual-reviewed,reviewed,published,chen-xianzhang-stillness-moral-intimation,后出的正史传记概括，不是陈献章亲笔原句；因与其文集思想相合而暂收，并明确降低文本层级。,codex-primary-source-pass,2026-07-17
wang-yangming-liangzhi-present-knowing,wang-yangming,position,1505,2,false,mind-human-nature;ethics-cultivation,canonical,source-reviewed,bilingual-reviewed,reviewed,published,wang-yangming-liangzhi-present-knowing,王阳明语，由门人记录。,codex-song-qing-primary-and-comparative-pass,2026-07-17
luo-qinshun-principle-is-qi-pattern,luo-qinshun,position,1515,1,true,tiandao-metaphysics;knowledge-method,canonical,source-reviewed,bilingual-reviewed,reviewed,published,luo-qinshun-principle-is-qi-pattern,据罗钦顺自著文本。,codex-ultimate-candidate-expansion-2026-07-17,2026-07-17
wang-gen-self-respect-foundation-governance,wang-gen,position,1515,2,false,ethics-cultivation;politics-governance,canonical,source-reviewed,bilingual-reviewed,reviewed,published,wang-gen-self-respect-foundation-governance,王艮语，由门人后编。,codex-song-qing-primary-and-comparative-pass,2026-07-17
wang-yangming-unity-knowledge-action,wang-yangming,position,1515,1,true,knowledge-method;ethics-cultivation,canonical,source-reviewed,bilingual-reviewed,reviewed,published,wang-yangming-unity-knowledge-action,由弟子徐爱记录王阳明答问；并非王阳明手定逐字稿，故保留记录者与问答语境。,codex-primary-source-pass,2026-07-17
wang-tingxiang-primordial-qi-is-ultimate,wang-tingxiang,position,1525,1,true,tiandao-metaphysics;nature-technology,canonical,source-reviewed,bilingual-reviewed,reviewed,published,wang-tingxiang-primordial-qi-is-ultimate,通过黄宗羲学案保存的王廷相论辩文字，明确标为传录证据。,codex-ultimate-candidate-expansion-2026-07-17,2026-07-17
zhan-ruoshui-recognize-principle-everywhere,zhan-ruoshui,position,1525,1,true,ethics-cultivation;knowledge-method,canonical,source-reviewed,bilingual-reviewed,reviewed,published,zhan-ruoshui-recognize-principle-everywhere,湛若水本人书信论辩；版本标点需再以文集整理本复核。,codex-primary-source-pass,2026-07-17
wang-gen-way-in-common-daily-life,wang-gen,position,1530,1,true,ethics-cultivation;politics-governance,canonical,source-reviewed,bilingual-reviewed,reviewed,published,wang-gen-way-in-common-daily-life,门人汇编语录；“百姓日用即道”是后世常用概括，节点正文依据较完整原句而非只录口号。,codex-primary-source-pass,2026-07-17
qian-dehong-no-good-evil-and-cultivation,qian-dehong,position,1550,1,true,mind-human-nature;ethics-cultivation,canonical,source-reviewed,bilingual-reviewed,reviewed,published,qian-dehong-no-good-evil-and-cultivation,钱德洪以参与者身份追记并阐释天泉会；既是第一人称立场文献，也有事后编辑性质。,codex-primary-source-pass,2026-07-17
wang-ji-four-nothings,wang-ji,position,1550,1,true,mind-human-nature;tiandao-metaphysics;ethics-cultivation,canonical,source-reviewed,bilingual-reviewed,reviewed,published,wang-ji-four-nothings,王畿本人追记会谈并陈述自身立场；与钱德洪版本互相参校，不能将其当作王阳明唯一原定教法。,codex-primary-source-pass,2026-07-17
li-zhi-daily-needs-human-relations,li-zhi,position,1565,2,false,ethics-cultivation;society-world;mind-human-nature,canonical,source-reviewed,bilingual-reviewed,reviewed,published,li-zhi-daily-needs-human-relations,李贽本人书信。,codex-song-qing-primary-and-comparative-pass,2026-07-17
luo-rufang-filial-affection-original-mind,luo-rufang,position,1570,1,true,mind-human-nature;ethics-cultivation;education-hermeneutics,canonical,source-reviewed,bilingual-reviewed,reviewed,published,luo-rufang-filial-affection-original-mind,门人记录讲学语，夹有较白话表达；规范命题不把“自然情感”误写成无需任何后天扩充。,codex-primary-source-pass,2026-07-17
li-zhi-childlike-mind-authenticity,li-zhi,position,1590,1,true,mind-human-nature;aesthetics-art;ethics-cultivation,canonical,source-reviewed,bilingual-reviewed,reviewed,published,li-zhi-childlike-mind-authenticity,李贽本人署名文章；规范命题只概括开篇定义及其文论后果，不把“童心”泛化为现代个人主义。,codex-primary-source-pass,2026-07-17
lv-kun-form-and-qi-generate-world,lv-kun,position,1593,1,true,tiandao-metaphysics;nature-technology,canonical,source-reviewed,bilingual-reviewed,reviewed,published,lv-kun-form-and-qi-generate-world,据吕坤自著语录体文本。,codex-ultimate-candidate-expansion-2026-07-17,2026-07-17
gao-panlong-embodied-way-unifies-knowing-doing,gao-panlong,position,1600,1,true,ethics-cultivation;knowledge-method,canonical,source-reviewed,bilingual-reviewed,reviewed,published,gao-panlong-embodied-way-unifies-knowing-doing,门人陈龙正编集并概述高攀龙学旨，属近身传述而非逐字自序。,codex-ultimate-candidate-expansion-2026-07-17,2026-07-17
gu-xiancheng-moral-practice-and-public-duty,gu-xiancheng,position,1604,1,true,ethics-cultivation;politics-governance;education-hermeneutics,canonical,source-reviewed,bilingual-reviewed,reviewed,published,gu-xiancheng-moral-practice-and-public-duty,后出传记直接引录顾宪成论学；不把传主生平叙述当作自著。,codex-ultimate-candidate-expansion-2026-07-17,2026-07-17
liu-zongzhou-vigilance-in-solitude,liu-zongzhou,position,1635,1,true,mind-human-nature;ethics-cultivation,canonical,source-reviewed,bilingual-reviewed,reviewed,published,liu-zongzhou-vigilance-in-solitude,刘宗周晚年本人著作；不同《人谱》版本文字有增订，发布前按《全集》校记复核字句。,codex-primary-source-pass,2026-07-17
wang-daiyu-true-one-transcends-form,wang-daiyu,position,1640,1,true,religion-transcendence;tiandao-metaphysics,canonical,source-reviewed,bilingual-reviewed,reviewed,published,wang-daiyu-true-one-transcends-form,王岱舆本人汉文伊斯兰著作；“本体”类译语须服从其真一/数一区分，不能简单并入理学。,codex-primary-source-pass,2026-07-17
fang-yizhi-empirical-investigation-of-things,fang-yizhi,position,1643,1,true,nature-technology;knowledge-method,canonical,source-reviewed,bilingual-reviewed,reviewed,published,fang-yizhi-empirical-investigation-of-things,据方以智自序直接归属。,codex-ultimate-candidate-expansion-2026-07-17,2026-07-17
gu-yanwu-classics-ground-principle-learning,gu-yanwu,position,1650,2,false,education-hermeneutics;knowledge-method;history-culture,canonical,source-reviewed,bilingual-reviewed,reviewed,published,gu-yanwu-classics-ground-principle-learning,顾炎武本人书信；规范命题结合该书上下文，不把短句理解成反哲学口号。,codex-song-qing-primary-and-comparative-pass,2026-07-17
huang-zongxi-law-public-not-dynastic,huang-zongxi,position,1650,2,false,politics-governance;ritual-law;society-world,canonical,source-reviewed,bilingual-reviewed,reviewed,published,huang-zongxi-law-public-not-dynastic,黄宗羲本人政论。,codex-song-qing-primary-and-comparative-pass,2026-07-17
wang-fuzhi-constant-principle-daily-renewal,wang-fuzhi,position,1655,2,false,tiandao-metaphysics;history-culture,canonical,source-reviewed,bilingual-reviewed,reviewed,published,wang-fuzhi-constant-principle-daily-renewal,王夫之本人经解。,codex-song-qing-primary-and-comparative-pass,2026-07-17
wang-fuzhi-dao-in-concrete-things,wang-fuzhi,position,1660,1,true,tiandao-metaphysics;education-hermeneutics,canonical,source-reviewed,bilingual-reviewed,reviewed,published,wang-fuzhi-dao-in-concrete-things,王夫之本人著作；locator同时保留传统卷章节与电子文本行号，便于复核。,codex-primary-source-pass,2026-07-17
huang-zongxi-world-primary-ruler-guest,huang-zongxi,position,1663,1,true,politics-governance;ethics-cultivation,canonical,source-reviewed,bilingual-reviewed,reviewed,published,huang-zongxi-world-primary-ruler-guest,黄宗羲本人政论；“公共利益”是对“为天下”的规范化表达，不据此直接贴上现代民主标签。,codex-primary-source-pass,2026-07-17
gu-yanwu-everyone-responsible-for-tianxia,gu-yanwu,position,1670,1,true,politics-governance;ethics-cultivation;history-culture,canonical,source-reviewed,bilingual-reviewed,reviewed,published,gu-yanwu-everyone-responsible-for-tianxia,顾炎武本人札记；通行“天下兴亡，匹夫有责”是梁启超式概括，节点保留顾氏原文的国/天下区分。,codex-primary-source-pass,2026-07-17
yan-yuan-learning-through-active-practice,yan-yuan,position,1670,2,false,education-hermeneutics;knowledge-method;ethics-cultivation,canonical,source-reviewed,bilingual-reviewed,reviewed,published,yan-yuan-learning-through-active-practice,颜元本人著作；省略号连接同段中相互说明的句子。,codex-song-qing-primary-and-comparative-pass,2026-07-17
ma-zhu-divine-unity-obedience,ma-zhu,position,1685,1,true,religion-transcendence;ethics-cultivation;politics-governance,canonical,source-reviewed,bilingual-reviewed,reviewed,published,ma-zhu-divine-unity-obedience,马注本人汉文伊斯兰著作；早刻本异文较多，字句须在公开版前对康熙本影印复校。,codex-primary-source-pass,2026-07-17
yan-yuan-knowledge-through-practice,yan-yuan,position,1685,1,true,knowledge-method;education-hermeneutics;ethics-cultivation,canonical,source-reviewed,bilingual-reviewed,reviewed,published,yan-yuan-knowledge-through-practice,颜元本人书信；规范命题结合其“习行”教育论，不把它缩成一般励志格言。,codex-primary-source-pass,2026-07-17
tang-zhen-emperors-as-predatory-power,tang-zhen,position,1690,1,true,politics-governance;society-world,canonical,source-reviewed,bilingual-reviewed,reviewed,published,tang-zhen-emperors-as-predatory-power,据唐甄自著政论文本。,codex-ultimate-candidate-expansion-2026-07-17,2026-07-17
li-gong-learning-is-enactment,li-gong,position,1700,1,true,education-hermeneutics;knowledge-method;ethics-cultivation,canonical,source-reviewed,bilingual-reviewed,reviewed,published,li-gong-learning-is-enactment,李塨本人答问经门人后编收入文集；句读据现代整理本，需保留后编层次。,codex-primary-source-pass,2026-07-17
liu-zhi-real-one-and-numerical-one,liu-zhi,position,1715,1,true,religion-transcendence;tiandao-metaphysics,canonical,source-reviewed,bilingual-reviewed,reviewed,published,liu-zhi-real-one-and-numerical-one,刘智本人著作；“体用”是汉语解释框架，不应据此抹平伊斯兰造物论与理学气化论的差别。,codex-primary-source-pass,2026-07-17
dai-zhen-blood-qi-and-mind-one-root,dai-zhen,position,1750,2,false,mind-human-nature;ethics-cultivation,canonical,source-reviewed,bilingual-reviewed,reviewed,published,dai-zhen-blood-qi-and-mind-one-root,戴震本人著作；据中国哲学书电子化计划影像转录复核。,codex-song-qing-primary-and-comparative-pass,2026-07-17
zhang-xuecheng-way-never-separate-instruments,zhang-xuecheng,position,1770,2,false,history-culture;education-hermeneutics;tiandao-metaphysics,canonical,source-reviewed,bilingual-reviewed,reviewed,published,zhang-xuecheng-way-never-separate-instruments,章学诚本人论说。,codex-song-qing-primary-and-comparative-pass,2026-07-17
dai-zhen-li-fulfillment-feeling,dai-zhen,position,1775,1,true,ethics-cultivation;mind-human-nature;politics-governance,canonical,source-reviewed,bilingual-reviewed,reviewed,published,dai-zhen-li-fulfillment-feeling,戴震本人著作；规范命题结合本节上下文解释“情得”，不将其简化为纵欲论。,codex-primary-source-pass,2026-07-17
zhang-xuecheng-six-classics-are-history,zhang-xuecheng,position,1780,1,true,history-culture;education-hermeneutics,canonical,source-reviewed,bilingual-reviewed,reviewed,published,zhang-xuecheng-six-classics-are-history,章学诚本人论说；通行口号必须连同“政典”和“不离事而言理”理解。,codex-primary-source-pass,2026-07-17
gong-zizhen-institutions-change-talent-judgment,gong-zizhen,position,1815,1,true,politics-governance;history-culture,canonical,source-reviewed,bilingual-reviewed,reviewed,published,gong-zizhen-institutions-change-talent-judgment,龚自珍本人奏议式书信的直接论述；命题把紧接其后的“人才—见闻—是非—行动”论证合并概括，没有把后人评价写成原话。,late-qing-republic-2026-07-15-a,2026-07-17
jiao-xun-nature-capacity-through-practice,jiao-xun,position,1815,1,true,ethics-cultivation;education-hermeneutics,canonical,source-reviewed,bilingual-reviewed,reviewed,published,jiao-xun-nature-capacity-through-practice,焦循本人义疏；规范命题概括相关疏文，字句发布前应据中华书局点校本逐字复校。,codex-primary-source-pass,2026-07-17
ruan-yuan-ren-between-persons,ruan-yuan,position,1820,1,true,ethics-cultivation;names-language;education-hermeneutics,canonical,source-reviewed,bilingual-reviewed,reviewed,published,ruan-yuan-ren-between-persons,阮元本人考论；从字形释义属于清代训诂论证，现代文字学可质疑其字源，但不影响其思想史命题的真实性。,codex-primary-source-pass,2026-07-17
wei-yuan-learn-foreign-techniques-for-strategic-agency,wei-yuan,position,1825,1,true,society-world;nature-technology;politics-governance,canonical,source-reviewed,bilingual-reviewed,reviewed,published,wei-yuan-learn-foreign-techniques-for-strategic-agency,魏源为本人所编《海国图志》撰写的原叙；“长技”在全书语境中主要涉及军事、航海等可学习能力，命题未扩大为对全部西方制度的接受。,late-qing-republic-2026-07-15-a,2026-07-17
feng-guifen-chinese-ethics-western-techniques,feng-guifen,position,1861,1,true,history-culture;politics-governance;nature-technology,canonical,source-reviewed,bilingual-reviewed,reviewed,published,feng-guifen-chinese-ethics-western-techniques,引文为冯桂芬原文，由近代史文献研究文章核录；上线前可再以整理本页码补强。,codex-ultimate-candidate-expansion-2026-07-17,2026-07-17
tan-sitong-ren-as-communication,tan-sitong,position,1885,1,true,tiandao-metaphysics;ethics-cultivation;politics-governance,canonical,source-reviewed,bilingual-reviewed,reviewed,published,tan-sitong-ren-as-communication,public-domain transcription; critical-edition collation pending,modern-primary-batch,2026-07-17
yan-fu-national-strength-people-capacity-intelligence-virtue,yan-fu,position,1885,1,true,politics-governance;education-hermeneutics;ethics-cultivation,canonical,source-reviewed,bilingual-reviewed,reviewed,published,yan-fu-national-strength-people-capacity-intelligence-virtue,这是严复自著《原强》的直接命题，不是《天演论》中赫胥黎原文、严复译文或按语；因此不存在把译入思想误记为严复原创的问题。,late-qing-republic-2026-07-15-a,2026-07-17
kang-youwei-great-unity-abolish-national-boundaries,kang-youwei,position,1890,1,true,society-world;politics-governance,canonical,source-reviewed,bilingual-reviewed,reviewed,published,kang-youwei-great-unity-abolish-national-boundaries,康有为本人《大同书》的制度设想；命题限定在该书的理想阶段论中，不把它等同于康有为所有时期的即时政治主张。,late-qing-republic-2026-07-15-a,2026-07-17
liang-qichao-renew-the-people,liang-qichao,position,1900,1,true,politics-governance;ethics-cultivation;education-hermeneutics;history-culture,canonical,source-reviewed,bilingual-reviewed,reviewed,published,liang-qichao-renew-the-people,public-domain primary text,modern-primary-batch,2026-07-17
yan-fu-free-speech-civil-society,yan-fu,position,1903,2,false,politics-governance;ritual-law;history-culture,canonical,source-reviewed,bilingual-reviewed,reviewed,published,yan-fu-free-speech-civil-society,scholarly encyclopedia synthesis; primary-text collation remains desirable,modern-expansion-agent-2026-07-17,2026-07-17
sun-yat-sen-popular-sovereignty,sun-yat-sen,position,1905,1,true,politics-governance;ritual-law;history-culture,canonical,source-reviewed,bilingual-reviewed,reviewed,published,sun-yat-sen-popular-sovereignty,official institutional publication of primary text,modern-primary-batch,2026-07-17
zhang-taiyan-revolution-produces-public-reason-and-removes-custom,zhang-taiyan,position,1905,1,true,politics-governance;ritual-law;history-culture,canonical,source-reviewed,bilingual-reviewed,reviewed,published,zhang-taiyan-revolution-produces-public-reason-and-removes-custom,章太炎1903年论战文本中的直接主张；命题保留其针对康有为立宪论的语境，没有把论战判断泛化为一切革命必然进步。,late-qing-republic-2026-07-15-a,2026-07-17
he-zhen-gender-subjugation-interlocks-capitalism-imperialism-patriarchy,he-zhen,position,1907,1,true,society-world;politics-governance,canonical,source-reviewed,bilingual-reviewed,reviewed,published,he-zhen-gender-subjugation-interlocks-capitalism-imperialism-patriarchy,二手大学出版社概括，并非何震英文原句。作者在论文中常署“何震”，现代研究依其父姓殷与夫姓何称“He-Yin Zhen／何殷震”；本项目person_id he-zhen与该作者为同一人。该书将六篇文章明确归于她，避免沿用早期把其文字误归刘师培的做法。,late-qing-republic-2026-07-15-a,2026-07-17
cai-yuanpei-education-personality,cai-yuanpei,position,1915,1,true,education-hermeneutics;ethics-cultivation;aesthetics-art,canonical,source-reviewed,bilingual-reviewed,reviewed,published,cai-yuanpei-education-personality,public-domain primary text,modern-primary-batch,2026-07-17
hu-shi-hypothesis-verification-method,hu-shi,position,1919,2,false,knowledge-method;nature-technology;history-culture,canonical,source-reviewed,bilingual-reviewed,reviewed,published,hu-shi-hypothesis-verification-method,scholarly encyclopedia summary,modern-expansion-agent-2026-07-17,2026-07-17
liang-shuming-cultural-inward-moderation,liang-shuming,position,1921,1,true,history-culture;ethics-cultivation,canonical,source-reviewed,bilingual-reviewed,reviewed,published,liang-shuming-cultural-inward-moderation,scholarly secondary summary of Liang's 1921 work,modern-confucian-source-pass,2026-07-17
zhang-junmai-mind-free-will-causality,zhang-junmai,position,1923,2,false,mind-human-nature;tiandao-metaphysics;nature-technology,canonical,source-reviewed,bilingual-reviewed,reviewed,published,zhang-junmai-mind-free-will-causality,scholarly reconstruction with references to Zhang's writings,modern-expansion-agent-2026-07-17,2026-07-17
sun-yat-sen-livelihood-public-responsibility,sun-yat-sen,position,1924,2,false,politics-governance;society-world,canonical,source-reviewed,bilingual-reviewed,reviewed,published,sun-yat-sen-livelihood-public-responsibility,secondary synthesis of the livelihood principle,modern-expansion-agent-2026-07-17,2026-07-17
hu-shi-problems-before-isms,hu-shi,position,1925,1,true,knowledge-method;politics-governance;history-culture,canonical,source-reviewed,bilingual-reviewed,reviewed,published,hu-shi-problems-before-isms,public-domain primary text,modern-primary-batch,2026-07-17
xiong-shili-wisdom-nondual,xiong-shili,position,1932,1,true,knowledge-method;mind-human-nature;tiandao-metaphysics,canonical,source-reviewed,bilingual-reviewed,reviewed,published,xiong-shili-wisdom-nondual,"scholarly secondary summary citing Xiong 1932 [2015], pp. 21–26",modern-confucian-source-pass,2026-07-17
xiong-shili-reality-internal-self-realization,xiong-shili,position,1932,2,false,tiandao-metaphysics;mind-human-nature;knowledge-method,canonical,source-reviewed,bilingual-reviewed,reviewed,published,xiong-shili-reality-internal-self-realization,SEP translation of and commentary on Xiong's New Treatise,modern-expansion-agent-2026-07-17,2026-07-17
lu-xun-selective-cultural-appropriation,lu-xun,position,1934,1,true,history-culture;aesthetics-art;knowledge-method,canonical,source-reviewed,bilingual-reviewed,reviewed,published,lu-xun-selective-cultural-appropriation,据1934年鲁迅自著杂文；将其作为现代中国文化哲学节点，而非经院体系。,codex-ultimate-candidate-expansion-2026-07-17,2026-07-17
li-da-dialectics-logic-epistemology-unified-practical-philosophy,li-da,position,1935,1,true,knowledge-method;names-language,canonical,source-reviewed,bilingual-reviewed,reviewed,published,li-da-dialectics-logic-epistemology-unified-practical-philosophy,学术专著作者Nick Knight对李达《社会学大纲》的二手释义，不是李达英文原句；命题只采用该章明确归于李达的统一论。,late-qing-republic-2026-07-15-a,2026-07-17
ma-yifu-six-arts-interconnected-hermeneutic-whole,ma-yifu,position,1935,1,true,education-hermeneutics;tiandao-metaphysics,canonical,source-reviewed,bilingual-reviewed,reviewed,published,ma-yifu-six-arts-interconnected-hermeneutic-whole,二手同行评审研究的概括；证据明确说明这是研究者对马一浮六艺论的重构，而非马一浮逐字引文。,late-qing-republic-2026-07-15-a,2026-07-17
zhang-dongsun-knowledge-culturally-and-linguistically-mediated,zhang-dongsun,position,1935,1,true,knowledge-method;names-language;history-culture,canonical,source-reviewed,bilingual-reviewed,reviewed,published,zhang-dongsun-knowledge-culturally-and-linguistically-mediated,IEP作者对张东荪认识论的二手概括，不是张东荪英文原句；命题严格限定为该节明确讨论的证据、感觉解释、充分理由与语言中介。,late-qing-republic-2026-07-15-a,2026-07-17
zhang-junmai-science-limited-before-free-life-outlook,zhang-junmai,position,1935,1,true,nature-technology;tiandao-metaphysics;ethics-cultivation,canonical,source-reviewed,bilingual-reviewed,reviewed,published,zhang-junmai-science-limited-before-free-life-outlook,IEP对张君劢1923年演讲及后续哲学的二手概括；引文是百科条目作者的英文总结，不冒充张君劢原话。,late-qing-republic-2026-07-15-a,2026-07-17
ai-siqi-philosophy-worldview-practical,ai-siqi,position,1936,1,true,knowledge-method;politics-governance;education-hermeneutics,canonical,source-reviewed,bilingual-reviewed,reviewed,published,ai-siqi-philosophy-worldview-practical,引文由复旦大学学术论文核对并讨论，短句本身见《大众哲学》多个版本；命题中的“影响认识和行动”是对该书整体通俗化目标的保守概括，不把后来的教科书体系全部倒推给艾思奇。,codex-zen-modern-source-review,2026-07-17
ai-siqi-philosophy-popular-language,ai-siqi,position,1936,2,false,education-hermeneutics;knowledge-method,canonical,source-reviewed,bilingual-reviewed,reviewed,published,ai-siqi-philosophy-popular-language,conference-paper abstract; primary-edition collation pending,modern-expansion-agent-2026-07-17,2026-07-17
mao-zedong-contradiction-particularity-method,mao-zedong,position,1937,2,false,knowledge-method;politics-governance,canonical,source-reviewed,bilingual-reviewed,reviewed,published,mao-zedong-contradiction-particularity-method,primary digital text; collected-edition pagination pending,modern-expansion-agent-2026-07-17,2026-07-17
feng-youlan-true-real-realm,feng-youlan,position,1939,1,true,tiandao-metaphysics,canonical,source-reviewed,bilingual-reviewed,reviewed,published,feng-youlan-true-real-realm,scholarly secondary summary with reference to Xin lixue,modern-confucian-source-pass,2026-07-17
feng-youlan-universal-particular-logical-analysis,feng-youlan,position,1940,2,false,tiandao-metaphysics;names-language;knowledge-method,canonical,source-reviewed,bilingual-reviewed,reviewed,published,feng-youlan-universal-particular-logical-analysis,scholarly encyclopedia synthesis,modern-expansion-agent-2026-07-17,2026-07-17
he-lin-confucianism-organic-renewal,he-lin,position,1940,1,true,history-culture;education-hermeneutics;ethics-cultivation,canonical,source-reviewed,bilingual-reviewed,reviewed,published,he-lin-confucianism-organic-renewal,使用1947年论文集扫描本；命题归于其中〈儒家思想的新开展〉，不把后来的“现代新儒家”学派标签当作贺麟自我定义。,codex-zen-modern-source-review,2026-07-17
jin-yuelin-dao-formed-stuff-unity,jin-yuelin,position,1940,1,true,tiandao-metaphysics;names-language,canonical,source-reviewed,bilingual-reviewed,reviewed,published,jin-yuelin-dao-formed-stuff-unity,胡军对金岳霖《论道》的二手学术重构；英文术语Form、Stuff对应金岳霖的“式”“能”，证据不是金岳霖英文原句。,late-qing-republic-2026-07-15-a,2026-07-17
mao-zedong-practice-truth,mao-zedong,position,1945,1,true,knowledge-method;nature-technology,canonical,source-reviewed,bilingual-reviewed,reviewed,published,mao-zedong-practice-truth,digital transcription; collected-works page locator pending,modern-primary-batch,2026-07-17
qian-mu-cultural-subjectivity-without-rejecting-western-methods,qian-mu,position,1945,1,true,history-culture;politics-governance,canonical,source-reviewed,bilingual-reviewed,reviewed,published,qian-mu-cultural-subjectivity-without-rejecting-western-methods,同行评审论文摘要对钱穆史学方法的二手概括，不是钱穆英文原句；命题保留作者所强调的“文化主体性不等于排外方法论”。,late-qing-republic-2026-07-15-a,2026-07-17
tang-junyi-human-spirit-intrinsic-value,tang-junyi,position,1953,1,true,history-culture;ethics-cultivation,canonical,source-reviewed,bilingual-reviewed,reviewed,published,tang-junyi-human-spirit-intrinsic-value,"secondary discussion quoting Tang Junyi's collected works, TJCW 9:328",modern-confucian-source-pass,2026-07-17
fang-dongmei-universe-living-field,fang-dongmei,position,1960,1,true,tiandao-metaphysics;nature-technology;aesthetics-art,canonical,source-reviewed,bilingual-reviewed,reviewed,published,fang-dongmei-universe-living-field,网页是学术研究者对方东美原著的逐页引证，不是原书扫描；已保留版次和页码，后续可用《方东美全集》校订版复核标点，但命题不超出引文。,codex-zen-modern-source-review,2026-07-17
xu-fuguan-embodied-moral-recognition,xu-fuguan,position,1963,2,false,ethics-cultivation;mind-human-nature;knowledge-method,canonical,source-reviewed,bilingual-reviewed,reviewed,published,xu-fuguan-embodied-moral-recognition,scholarly synthesis citing Xu 1953 and 1963,modern-expansion-agent-2026-07-17,2026-07-17
xu-fuguan-heart-fasting-artistic-subject,xu-fuguan,position,1965,1,true,aesthetics-art;mind-human-nature;ethics-cultivation,canonical,source-reviewed,bilingual-reviewed,reviewed,published,xu-fuguan-heart-fasting-artistic-subject,来源为东海大学所藏作者手稿的学术整理，不是网络摘抄；整理者同时标示手稿、论文与专书版本异文，公开展示时应保留这一版本信息。,codex-zen-modern-source-review,2026-07-17
mou-zongsan-autonomy-known-practically,mou-zongsan,position,1971,1,true,ethics-cultivation;knowledge-method;mind-human-nature,canonical,source-reviewed,bilingual-reviewed,reviewed,published,mou-zongsan-autonomy-known-practically,scholarly secondary reconstruction citing Mou's collected works,modern-confucian-source-pass,2026-07-17
mou-zongsan-moral-feelings-true-self,mou-zongsan,position,1975,2,false,ethics-cultivation;mind-human-nature;tiandao-metaphysics,canonical,source-reviewed,bilingual-reviewed,reviewed,published,mou-zongsan-moral-feelings-true-self,scholarly analysis including an explicit critical limitation,modern-expansion-agent-2026-07-17,2026-07-17
tang-junyi-affective-connection-mind-world,tang-junyi,position,1977,2,false,mind-human-nature;knowledge-method;ethics-cultivation,canonical,source-reviewed,bilingual-reviewed,reviewed,published,tang-junyi-affective-connection-mind-world,scholarly synthesis citing Tang's collected works,modern-expansion-agent-2026-07-17,2026-07-17
lao-szekwang-fundamental-question-method,lao-sze-kwang,position,1980,1,true,education-hermeneutics;history-culture;knowledge-method,canonical,source-reviewed,bilingual-reviewed,reviewed,published,lao-szekwang-fundamental-question-method,来源为中央研究院纪念专辑对劳思光原著的逐页引述与方法说明；命题区分劳本人的方法定义与纪念文章的评价，后续若接入原书扫描应以卷一第14—15页复核标点。,codex-zen-modern-source-review,2026-07-17
wang-ruoshui-real-social-practical-human,wang-ruoshui,position,1980,1,true,ethics-cultivation;politics-governance,canonical,source-reviewed,bilingual-reviewed,reviewed,published,wang-ruoshui-real-social-practical-human,西南大学页面注明来源为人民出版社王若水论文集并提供全文；文章包含王若水论述与大段马克思引文，excerpt选取的是王若水自己的过渡判断，未把所引马克思原句误署给他。,codex-zen-modern-source-review,2026-07-17
wang-ruoshui-socialist-alienation-humanism,wang-ruoshui,position,1983,2,false,ethics-cultivation;politics-governance;society-world,canonical,source-reviewed,bilingual-reviewed,reviewed,published,wang-ruoshui-socialist-alienation-humanism,translated primary article; exact Chinese-edition pagination remains pending,modern-expansion-agent-2026-07-17,2026-07-17
li-zehou-subjectality-productive-practice,li-zehou,position,1985,1,true,knowledge-method;history-culture;aesthetics-art,canonical,source-reviewed,bilingual-reviewed,reviewed,published,li-zehou-subjectality-productive-practice,命题依据李泽厚本人1999年回应文；短引语来自其1985年说明并由同行评审研究逐字转引。由于1985年原刊在线不可访问，明确标注交叉来源，不伪装成网页直引。,codex-primary-source-pass,2026-07-17
zhang-dainian-inclusive-harmony,zhang-dainian,position,1987,1,true,knowledge-method;ethics-cultivation;history-culture,canonical,source-reviewed,bilingual-reviewed,reviewed,published,zhang-dainian-inclusive-harmony,清华大学页面由张岱年研究者逐卷页引用《全集》；省略号连接同一概念在两篇原著中的两次界定，展示时不应伪装成单一连续原句。,codex-zen-modern-source-review,2026-07-17
feng-qi-wisdom-general-epistemology,feng-qi,position,1988,2,false,knowledge-method;ethics-cultivation,canonical,source-reviewed,bilingual-reviewed,reviewed,published,feng-qi-wisdom-general-epistemology,peer-reviewed secondary abstract; full-text page collation recommended,modern-expansion-agent-2026-07-17,2026-07-17
zhang-dainian-creative-comprehensive-synthesis,zhang-dainian,position,1988,2,false,tiandao-metaphysics;history-culture,canonical,source-reviewed,bilingual-reviewed,reviewed,published,zhang-dainian-creative-comprehensive-synthesis,academic book chapter; full-text locator should be refined in the next source pass,modern-expansion-agent-2026-07-17,2026-07-17
li-zehou-cultural-sedimentation-aesthetic-body,li-zehou,position,1989,2,false,aesthetics-art;history-culture;mind-human-nature,canonical,source-reviewed,bilingual-reviewed,reviewed,published,li-zehou-cultural-sedimentation-aesthetic-body,university-press secondary interpretation; claim cross-checked against Li's established sedimentation framework,modern-expansion-agent-2026-07-17,2026-07-17
feng-qi-theory-into-method-and-virtue,feng-qi,position,1990,1,true,knowledge-method;ethics-cultivation,canonical,source-reviewed,bilingual-reviewed,reviewed,published,feng-qi-theory-into-method-and-virtue,网页转载的是冯契本人《智慧说三篇》导论，而非后人概述；excerpt以省略号连接同篇首尾相关句，不能作为连续原句引用。,codex-zen-modern-source-review,2026-07-17
zhang-shiying-difference-and-interconnection,zhang-shiying,position,1995,1,true,tiandao-metaphysics;education-hermeneutics;history-culture,canonical,source-reviewed,bilingual-reviewed,reviewed,published,zhang-shiying-difference-and-interconnection,来源是北京大学学报作者论文的正式书目信息与摘要；excerpt用省略号连接摘要首句和结句，命题严格限于摘要可直接支持的论证。,codex-zen-modern-source-review,2026-07-17
cheng-chung-ying-onto-hermeneutic-integration,cheng-chung-ying,position,2000,1,true,education-hermeneutics;tiandao-metaphysics;ethics-cultivation,canonical,source-reviewed,bilingual-reviewed,reviewed,published,cheng-chung-ying-onto-hermeneutic-integration,规范命题概括整篇论文的系统论证；excerpt仅保留作者题名中的概念组合，不制造无法逐字核对的引语。,codex-primary-source-pass,2026-07-17
tu-weiming-anthropocosmic-embedded-humanity,tu-weiming,position,2001,1,true,nature-technology;ethics-cultivation;religion-transcendence,canonical,source-reviewed,bilingual-reviewed,reviewed,published,tu-weiming-anthropocosmic-embedded-humanity,作者本人论文；命题不把“anthropocosmic”翻成取消人类特殊责任的自然整体主义。,codex-primary-source-pass,2026-07-17
wang-hui-depoliticization-naturalizes-power,wang-hui,position,2006,1,true,politics-governance;history-culture;society-world,canonical,source-reviewed,bilingual-reviewed,reviewed,published,wang-hui-depoliticization-naturalizes-power,作者本人文章的英译版；解释区分其规范性的“政治”与日常意义的权力政治，不据学术主张评价作者身份。,codex-primary-source-pass,2026-07-17
zhao-tingyang-world-as-political-unit,zhao-tingyang,position,2009,1,true,society-world;politics-governance;ethics-cultivation,canonical,source-reviewed,bilingual-reviewed,reviewed,published,zhao-tingyang-world-as-political-unit,作者本人同行评审论文；使用作者的“neo-universalism”自我定位，不把天下概念等同于任何现行国家政策。,codex-primary-source-pass,2026-07-17
yang-guorong-concrete-metaphysics-authentic-being,yang-guorong,position,2011,1,true,tiandao-metaphysics;ethics-cultivation;knowledge-method,canonical,source-reviewed,bilingual-reviewed,reviewed,published,yang-guorong-concrete-metaphysics-authentic-being,作者本人英译论文集；短语由期刊专题导论对其体系的概括交叉核对，规范命题则依据Brill开放全书相关章节。,codex-primary-source-pass,2026-07-17
robin-wang-yinyang-relational-generativity,robin-wang,position,2012,1,true,tiandao-metaphysics;nature-technology;society-world,canonical,source-reviewed,bilingual-reviewed,reviewed,published,robin-wang-yinyang-relational-generativity,作者本人著作及Cambridge预览；五类关系与生成论依据导论，性别限定依据全书对历史用法的分析，不把阴阳本质化。,codex-primary-source-pass,2026-07-17
jiang-qing-triple-political-legitimacy,jiang-qing,position,2013,1,true,politics-governance;society-world;ethics-cultivation,canonical,source-reviewed,bilingual-reviewed,reviewed,published,jiang-qing-triple-political-legitimacy,作者本人章节；“天、地、人”的现代制度解释为作者方案，不能倒推成《春秋公羊传》已有同一制度设计。,codex-primary-source-pass,2026-07-17
chen-lai-relational-value-priorities,chen-lai,position,2015,1,true,ethics-cultivation;history-culture;politics-governance,canonical,source-reviewed,bilingual-reviewed,reviewed,published,chen-lai-relational-value-priorities,引文由清华大学机构页明确归于作者新著；解释使用“价值偏好”是陈来本人对比较方法的说明，避免将描述性比较写成政治身份判断。,codex-primary-source-pass,2026-07-17
huang-yong-self-other-one-body,huang-yong,position,2018,1,true,ethics-cultivation;mind-human-nature,canonical,source-reviewed,bilingual-reviewed,reviewed,published,huang-yong-self-other-one-body,作者本人同行评审论文；excerpt来自出版社公开摘要，命题不扩展为对所有儒家文本的唯一解释。,codex-primary-source-pass,2026-07-17
bai-tongdong-confucian-hybrid-regime,bai-tongdong,position,2019,1,true,politics-governance;ethics-cultivation;ritual-law,canonical,source-reviewed,bilingual-reviewed,reviewed,published,bai-tongdong-confucian-hybrid-regime,作者本人PUP专著；excerpt来自出版社公开摘要。解释保持规范论证与现实政体评价之间的界线。,codex-primary-source-pass,2026-07-17
li-chenyang-dynamic-harmony-through-difference,li-chenyang,position,2023,1,true,ethics-cultivation;politics-governance;tiandao-metaphysics,canonical,source-reviewed,bilingual-reviewed,reviewed,published,li-chenyang-dynamic-harmony-through-difference,作者本人OUP章节；excerpt来自出版社公开摘要，节点避免将和谐误写为无差别一致。,codex-primary-source-pass,2026-07-17
