person_id,source_id,source_role,evidence_scope,locator,verification_status,reviewer,reviewed_at
ai-siqi,mou-history,scholarly-orientation,person-or-tradition,,identified,,
ai-siqi,oxford-bibliography,scholarly-orientation,person-or-tradition,,identified,,
bai-tongdong,oxford-bibliography,scholarly-orientation,person-or-tradition,,identified,,
bai-tongdong,oxford-handbook-2025,scholarly-orientation,person-or-tradition,,identified,,
ban-zhao,ctext-api,method-only,catalog-search,,search-required,,
ban-zhao,ctext-corpus,primary-or-text-corpus,catalog-search,,search-required,,
ban-zhao,fung-history,scholarly-orientation,person-or-tradition,,identified,,
ban-zhao,mou-history,scholarly-orientation,person-or-tradition,,identified,,
ban-zhao,sinica-hanji,primary-or-text-corpus,catalog-search,,search-required,,
bodhidharma,cbeta-api,method-only,catalog-search,,search-required,,
bodhidharma,cbeta-corpus,primary-or-text-corpus,catalog-search,,search-required,,
bodhidharma,chan-sourcebook,scholarly-orientation,person-or-tradition,,identified,,
bodhidharma,ctext-api,method-only,catalog-search,,search-required,,
bodhidharma,ctext-corpus,primary-or-text-corpus,catalog-search,,search-required,,
bodhidharma,oxford-handbook-2025,scholarly-orientation,person-or-tradition,,identified,,
bodhidharma,sinica-hanji,primary-or-text-corpus,catalog-search,,search-required,,
cai-yuanpei,fung-history,scholarly-orientation,person-or-tradition,,identified,,
cai-yuanpei,mou-history,scholarly-orientation,person-or-tradition,,identified,,
chen-lai,oxford-bibliography,scholarly-orientation,person-or-tradition,,identified,,
chen-lai,oxford-handbook-2025,scholarly-orientation,person-or-tradition,,identified,,
chen-liang,cbdb,identity-and-dating,catalog-search,,search-required,,
chen-liang,cbdb-api,method-only,catalog-search,,search-required,,
chen-liang,chan-sourcebook,scholarly-orientation,person-or-tradition,,identified,,
chen-liang,ctext-api,method-only,catalog-search,,search-required,,
chen-liang,ctext-corpus,primary-or-text-corpus,catalog-search,,search-required,,
chen-liang,sep-song-ming,scholarly-orientation,person-or-tradition,,identified,,
chen-liang,sinica-hanji,primary-or-text-corpus,catalog-search,,search-required,,
chen-xianzhang,cbdb,identity-and-dating,catalog-search,,search-required,,
chen-xianzhang,cbdb-api,method-only,catalog-search,,search-required,,
chen-xianzhang,chan-sourcebook,scholarly-orientation,person-or-tradition,,identified,,
chen-xianzhang,ctext-api,method-only,catalog-search,,search-required,,
chen-xianzhang,ctext-corpus,primary-or-text-corpus,catalog-search,,search-required,,
chen-xianzhang,sep-song-ming,scholarly-orientation,person-or-tradition,,identified,,
chen-xianzhang,sinica-hanji,primary-or-text-corpus,catalog-search,,search-required,,
cheng-chung-ying,mou-history,scholarly-orientation,person-or-tradition,,identified,,
cheng-chung-ying,oxford-bibliography,scholarly-orientation,person-or-tradition,,identified,,
cheng-hao,cbdb,identity-and-dating,catalog-search,,search-required,,
cheng-hao,cbdb-api,method-only,catalog-search,,search-required,,
cheng-hao,chan-sourcebook,scholarly-orientation,person-or-tradition,,identified,,
cheng-hao,ctext-api,method-only,catalog-search,,search-required,,
cheng-hao,ctext-corpus,primary-or-text-corpus,catalog-search,,search-required,,
cheng-hao,sep-song-ming,scholarly-orientation,person-or-tradition,,identified,,
cheng-hao,sinica-hanji,primary-or-text-corpus,catalog-search,,search-required,,
cheng-yi,cbdb,identity-and-dating,catalog-search,,search-required,,
cheng-yi,cbdb-api,method-only,catalog-search,,search-required,,
cheng-yi,chan-sourcebook,scholarly-orientation,person-or-tradition,,identified,,
cheng-yi,ctext-api,method-only,catalog-search,,search-required,,
cheng-yi,ctext-corpus,primary-or-text-corpus,catalog-search,,search-required,,
cheng-yi,sep-song-ming,scholarly-orientation,person-or-tradition,,identified,,
cheng-yi,sinica-hanji,primary-or-text-corpus,catalog-search,,search-required,,
confucius,ctext-api,method-only,catalog-search,,search-required,,
confucius,ctext-corpus,primary-or-text-corpus,catalog-search,,search-required,,
confucius,oxford-handbook-2025,scholarly-orientation,person-or-tradition,,identified,,
confucius,sep-social-political,scholarly-orientation,person-or-tradition,,identified,,
confucius,sinica-hanji,primary-or-text-corpus,catalog-search,,search-required,,
dai-zhen,cbdb,identity-and-dating,catalog-search,,search-required,,
dai-zhen,cbdb-api,method-only,catalog-search,,search-required,,
dai-zhen,chan-sourcebook,scholarly-orientation,person-or-tradition,,identified,,
dai-zhen,ctext-api,method-only,catalog-search,,search-required,,
dai-zhen,ctext-corpus,primary-or-text-corpus,catalog-search,,search-required,,
dai-zhen,fung-history,scholarly-orientation,person-or-tradition,,identified,,
dai-zhen,sinica-hanji,primary-or-text-corpus,catalog-search,,search-required,,
daosheng,cbeta-api,method-only,catalog-search,,search-required,,
daosheng,cbeta-corpus,primary-or-text-corpus,catalog-search,,search-required,,
daosheng,chan-sourcebook,scholarly-orientation,person-or-tradition,,identified,,
daosheng,ctext-api,method-only,catalog-search,,search-required,,
daosheng,ctext-corpus,primary-or-text-corpus,catalog-search,,search-required,,
daosheng,oxford-handbook-2025,scholarly-orientation,person-or-tradition,,identified,,
daosheng,sinica-hanji,primary-or-text-corpus,catalog-search,,search-required,,
dong-zhongshu,chan-sourcebook,scholarly-orientation,person-or-tradition,,identified,,
dong-zhongshu,ctext-api,method-only,catalog-search,,search-required,,
dong-zhongshu,ctext-corpus,primary-or-text-corpus,catalog-search,,search-required,,
dong-zhongshu,fung-history,scholarly-orientation,person-or-tradition,,identified,,
dong-zhongshu,sinica-hanji,primary-or-text-corpus,catalog-search,,search-required,,
du-shun,cbdb,identity-and-dating,catalog-search,,search-required,,
du-shun,cbdb-api,method-only,catalog-search,,search-required,,
du-shun,cbeta-api,method-only,catalog-search,,search-required,,
du-shun,cbeta-corpus,primary-or-text-corpus,catalog-search,,search-required,,
du-shun,chan-sourcebook,scholarly-orientation,person-or-tradition,,identified,,
du-shun,ctext-api,method-only,catalog-search,,search-required,,
du-shun,ctext-corpus,primary-or-text-corpus,catalog-search,,search-required,,
du-shun,oxford-handbook-2025,scholarly-orientation,person-or-tradition,,identified,,
du-shun,sinica-hanji,primary-or-text-corpus,catalog-search,,search-required,,
duke-zhou,chan-sourcebook,scholarly-orientation,person-or-tradition,,identified,,
duke-zhou,ctext-api,method-only,catalog-search,,search-required,,
duke-zhou,ctext-corpus,primary-or-text-corpus,catalog-search,,search-required,,
duke-zhou,sep-social-political,scholarly-orientation,person-or-tradition,,identified,,
duke-zhou,sinica-hanji,primary-or-text-corpus,catalog-search,,search-required,,
fan-zhen,chan-sourcebook,scholarly-orientation,person-or-tradition,,identified,,
fan-zhen,ctext-api,method-only,catalog-search,,search-required,,
fan-zhen,ctext-corpus,primary-or-text-corpus,catalog-search,,search-required,,
fan-zhen,fung-history,scholarly-orientation,person-or-tradition,,identified,,
fan-zhen,sinica-hanji,primary-or-text-corpus,catalog-search,,search-required,,
fang-dongmei,mou-history,scholarly-orientation,person-or-tradition,,identified,,
fang-dongmei,oxford-bibliography,scholarly-orientation,person-or-tradition,,identified,,
fang-yizhi,src-fangyizhi-wulixiaoshi-preface,identity-and-orientation,person-or-tradition,,identified,codex-ultimate-candidate-expansion-2026-07-17,2026-07-17
fazang,cbdb,identity-and-dating,catalog-search,,search-required,,
fazang,cbdb-api,method-only,catalog-search,,search-required,,
fazang,cbeta-api,method-only,catalog-search,,search-required,,
fazang,cbeta-corpus,primary-or-text-corpus,catalog-search,,search-required,,
fazang,chan-sourcebook,scholarly-orientation,person-or-tradition,,identified,,
fazang,ctext-api,method-only,catalog-search,,search-required,,
fazang,ctext-corpus,primary-or-text-corpus,catalog-search,,search-required,,
fazang,oxford-handbook-2025,scholarly-orientation,person-or-tradition,,identified,,
fazang,sinica-hanji,primary-or-text-corpus,catalog-search,,search-required,,
feng-guifen,src-fengguifen-xiaobinlu,identity-and-orientation,person-or-tradition,,identified,codex-ultimate-candidate-expansion-2026-07-17,2026-07-17
feng-qi,mou-history,scholarly-orientation,person-or-tradition,,identified,,
feng-qi,oxford-bibliography,scholarly-orientation,person-or-tradition,,identified,,
feng-youlan,fung-history,scholarly-orientation,person-or-tradition,,identified,,
feng-youlan,sep-modern-confucianism,scholarly-orientation,person-or-tradition,,identified,,
fuxi,chan-sourcebook,scholarly-orientation,person-or-tradition,,identified,,
fuxi,ctext-api,method-only,catalog-search,,search-required,,
fuxi,ctext-corpus,primary-or-text-corpus,catalog-search,,search-required,,
fuxi,sep-social-political,scholarly-orientation,person-or-tradition,,identified,,
fuxi,sinica-hanji,primary-or-text-corpus,catalog-search,,search-required,,
gao-panlong,src-gaopanlong-gaozi-yishu,identity-and-orientation,person-or-tradition,,identified,codex-ultimate-candidate-expansion-2026-07-17,2026-07-17
gaozi,chan-sourcebook,scholarly-orientation,person-or-tradition,,identified,,
gaozi,ctext-api,method-only,catalog-search,,search-required,,
gaozi,ctext-corpus,primary-or-text-corpus,catalog-search,,search-required,,
gaozi,sep-mencius,scholarly-orientation,person-or-tradition,,identified,,
gaozi,sinica-hanji,primary-or-text-corpus,catalog-search,,search-required,,
ge-hong,chan-sourcebook,scholarly-orientation,person-or-tradition,,identified,,
ge-hong,ctext-api,method-only,catalog-search,,search-required,,
ge-hong,ctext-corpus,primary-or-text-corpus,catalog-search,,search-required,,
ge-hong,fung-history,scholarly-orientation,person-or-tradition,,identified,,
ge-hong,sinica-hanji,primary-or-text-corpus,catalog-search,,search-required,,
gong-zizhen,cbdb,identity-and-dating,catalog-search,,search-required,,
gong-zizhen,cbdb-api,method-only,catalog-search,,search-required,,
gong-zizhen,ctext-api,method-only,catalog-search,,search-required,,
gong-zizhen,ctext-corpus,primary-or-text-corpus,catalog-search,,search-required,,
gong-zizhen,fung-history,scholarly-orientation,person-or-tradition,,identified,,
gong-zizhen,mou-history,scholarly-orientation,person-or-tradition,,identified,,
gong-zizhen,sinica-hanji,primary-or-text-corpus,catalog-search,,search-required,,
gongsun-long,ctext-api,method-only,catalog-search,,search-required,,
gongsun-long,ctext-corpus,primary-or-text-corpus,catalog-search,,search-required,,
gongsun-long,mou-history,scholarly-orientation,person-or-tradition,,identified,,
gongsun-long,oxford-handbook-2025,scholarly-orientation,person-or-tradition,,identified,,
gongsun-long,sinica-hanji,primary-or-text-corpus,catalog-search,,search-required,,
gu-xiancheng,src-guxiancheng-donglin-liezhuan,identity-and-orientation,person-or-tradition,,identified,codex-ultimate-candidate-expansion-2026-07-17,2026-07-17
gu-yanwu,cbdb,identity-and-dating,catalog-search,,search-required,,
gu-yanwu,cbdb-api,method-only,catalog-search,,search-required,,
gu-yanwu,chan-sourcebook,scholarly-orientation,person-or-tradition,,identified,,
gu-yanwu,ctext-api,method-only,catalog-search,,search-required,,
gu-yanwu,ctext-corpus,primary-or-text-corpus,catalog-search,,search-required,,
gu-yanwu,fung-history,scholarly-orientation,person-or-tradition,,identified,,
gu-yanwu,sinica-hanji,primary-or-text-corpus,catalog-search,,search-required,,
guan-zhong,ctext-api,method-only,catalog-search,,search-required,,
guan-zhong,ctext-corpus,primary-or-text-corpus,catalog-search,,search-required,,
guan-zhong,sep-legalism,scholarly-orientation,person-or-tradition,,identified,,
guan-zhong,sep-social-political,scholarly-orientation,person-or-tradition,,identified,,
guan-zhong,sinica-hanji,primary-or-text-corpus,catalog-search,,search-required,,
guo-xiang,ctext-api,method-only,catalog-search,,search-required,,
guo-xiang,ctext-corpus,primary-or-text-corpus,catalog-search,,search-required,,
guo-xiang,oxford-handbook-2025,scholarly-orientation,person-or-tradition,,identified,,
guo-xiang,sep-neo-daoism,scholarly-orientation,person-or-tradition,,identified,,
guo-xiang,sinica-hanji,primary-or-text-corpus,catalog-search,,search-required,,
han-fei,ctext-api,method-only,catalog-search,,search-required,,
han-fei,ctext-corpus,primary-or-text-corpus,catalog-search,,search-required,,
han-fei,sep-legalism,scholarly-orientation,person-or-tradition,,identified,,
han-fei,sep-social-political,scholarly-orientation,person-or-tradition,,identified,,
han-fei,sinica-hanji,primary-or-text-corpus,catalog-search,,search-required,,
han-yu,cbdb,identity-and-dating,catalog-search,,search-required,,
han-yu,cbdb-api,method-only,catalog-search,,search-required,,
han-yu,chan-sourcebook,scholarly-orientation,person-or-tradition,,identified,,
han-yu,ctext-api,method-only,catalog-search,,search-required,,
han-yu,ctext-corpus,primary-or-text-corpus,catalog-search,,search-required,,
han-yu,sep-song-ming,scholarly-orientation,person-or-tradition,,identified,,
han-yu,sinica-hanji,primary-or-text-corpus,catalog-search,,search-required,,
he-lin,mou-history,scholarly-orientation,person-or-tradition,,identified,,
he-lin,oxford-bibliography,scholarly-orientation,person-or-tradition,,identified,,
he-yan,chan-sourcebook,scholarly-orientation,person-or-tradition,,identified,,
he-yan,ctext-api,method-only,catalog-search,,search-required,,
he-yan,ctext-corpus,primary-or-text-corpus,catalog-search,,search-required,,
he-yan,sep-neo-daoism,scholarly-orientation,person-or-tradition,,identified,,
he-yan,sinica-hanji,primary-or-text-corpus,catalog-search,,search-required,,
he-zhen,mou-history,scholarly-orientation,person-or-tradition,,identified,,
he-zhen,oxford-bibliography,scholarly-orientation,person-or-tradition,,identified,,
hu-hong,cbdb,identity-and-dating,catalog-search,,search-required,,
hu-hong,cbdb-api,method-only,catalog-search,,search-required,,
hu-hong,chan-sourcebook,scholarly-orientation,person-or-tradition,,identified,,
hu-hong,ctext-api,method-only,catalog-search,,search-required,,
hu-hong,ctext-corpus,primary-or-text-corpus,catalog-search,,search-required,,
hu-hong,sep-song-ming,scholarly-orientation,person-or-tradition,,identified,,
hu-hong,sinica-hanji,primary-or-text-corpus,catalog-search,,search-required,,
hu-shi,fung-history,scholarly-orientation,person-or-tradition,,identified,,
hu-shi,mou-history,scholarly-orientation,person-or-tradition,,identified,,
huan-tan,chan-sourcebook,scholarly-orientation,person-or-tradition,,identified,,
huan-tan,ctext-api,method-only,catalog-search,,search-required,,
huan-tan,ctext-corpus,primary-or-text-corpus,catalog-search,,search-required,,
huan-tan,fung-history,scholarly-orientation,person-or-tradition,,identified,,
huan-tan,sinica-hanji,primary-or-text-corpus,catalog-search,,search-required,,
huang-yong,oxford-bibliography,scholarly-orientation,person-or-tradition,,identified,,
huang-yong,oxford-handbook-2025,scholarly-orientation,person-or-tradition,,identified,,
huang-zongxi,cbdb,identity-and-dating,catalog-search,,search-required,,
huang-zongxi,cbdb-api,method-only,catalog-search,,search-required,,
huang-zongxi,chan-sourcebook,scholarly-orientation,person-or-tradition,,identified,,
huang-zongxi,ctext-api,method-only,catalog-search,,search-required,,
huang-zongxi,ctext-corpus,primary-or-text-corpus,catalog-search,,search-required,,
huang-zongxi,sep-song-ming,scholarly-orientation,person-or-tradition,,identified,,
huang-zongxi,sinica-hanji,primary-or-text-corpus,catalog-search,,search-required,,
huangbo-xiyun,cbdb,identity-and-dating,catalog-search,,search-required,,
huangbo-xiyun,cbdb-api,method-only,catalog-search,,search-required,,
huangbo-xiyun,cbeta-api,method-only,catalog-search,,search-required,,
huangbo-xiyun,cbeta-corpus,primary-or-text-corpus,catalog-search,,search-required,,
huangbo-xiyun,chan-sourcebook,scholarly-orientation,person-or-tradition,,identified,,
huangbo-xiyun,ctext-api,method-only,catalog-search,,search-required,,
huangbo-xiyun,ctext-corpus,primary-or-text-corpus,catalog-search,,search-required,,
huangbo-xiyun,oxford-handbook-2025,scholarly-orientation,person-or-tradition,,identified,,
huangbo-xiyun,sinica-hanji,primary-or-text-corpus,catalog-search,,search-required,,
huangdi,chan-sourcebook,scholarly-orientation,person-or-tradition,,identified,,
huangdi,ctext-api,method-only,catalog-search,,search-required,,
huangdi,ctext-corpus,primary-or-text-corpus,catalog-search,,search-required,,
huangdi,fung-history,scholarly-orientation,person-or-tradition,,identified,,
huangdi,sinica-hanji,primary-or-text-corpus,catalog-search,,search-required,,
hui-shi,ctext-api,method-only,catalog-search,,search-required,,
hui-shi,ctext-corpus,primary-or-text-corpus,catalog-search,,search-required,,
hui-shi,oxford-handbook-2025,scholarly-orientation,person-or-tradition,,identified,,
hui-shi,sep-zhuangzi,scholarly-orientation,person-or-tradition,,identified,,
hui-shi,sinica-hanji,primary-or-text-corpus,catalog-search,,search-required,,
huineng,cbdb,identity-and-dating,catalog-search,,search-required,,
huineng,cbdb-api,method-only,catalog-search,,search-required,,
huineng,cbeta-api,method-only,catalog-search,,search-required,,
huineng,cbeta-corpus,primary-or-text-corpus,catalog-search,,search-required,,
huineng,chan-sourcebook,scholarly-orientation,person-or-tradition,,identified,,
huineng,ctext-api,method-only,catalog-search,,search-required,,
huineng,ctext-corpus,primary-or-text-corpus,catalog-search,,search-required,,
huineng,oxford-handbook-2025,scholarly-orientation,person-or-tradition,,identified,,
huineng,sinica-hanji,primary-or-text-corpus,catalog-search,,search-required,,
huiyuan,cbeta-api,method-only,catalog-search,,search-required,,
huiyuan,cbeta-corpus,primary-or-text-corpus,catalog-search,,search-required,,
huiyuan,chan-sourcebook,scholarly-orientation,person-or-tradition,,identified,,
huiyuan,ctext-api,method-only,catalog-search,,search-required,,
huiyuan,ctext-corpus,primary-or-text-corpus,catalog-search,,search-required,,
huiyuan,oxford-handbook-2025,scholarly-orientation,person-or-tradition,,identified,,
huiyuan,sinica-hanji,primary-or-text-corpus,catalog-search,,search-required,,
ji-kang,chan-sourcebook,scholarly-orientation,person-or-tradition,,identified,,
ji-kang,ctext-api,method-only,catalog-search,,search-required,,
ji-kang,ctext-corpus,primary-or-text-corpus,catalog-search,,search-required,,
ji-kang,sep-neo-daoism,scholarly-orientation,person-or-tradition,,identified,,
ji-kang,sinica-hanji,primary-or-text-corpus,catalog-search,,search-required,,
jiang-qing,oxford-bibliography,scholarly-orientation,person-or-tradition,,identified,,
jiang-qing,sep-modern-confucianism,scholarly-orientation,person-or-tradition,,identified,,
jiao-xun,cbdb,identity-and-dating,catalog-search,,search-required,,
jiao-xun,cbdb-api,method-only,catalog-search,,search-required,,
jiao-xun,ctext-api,method-only,catalog-search,,search-required,,
jiao-xun,ctext-corpus,primary-or-text-corpus,catalog-search,,search-required,,
jiao-xun,fung-history,scholarly-orientation,person-or-tradition,,identified,,
jiao-xun,mou-history,scholarly-orientation,person-or-tradition,,identified,,
jiao-xun,sinica-hanji,primary-or-text-corpus,catalog-search,,search-required,,
jin-yuelin,mou-history,scholarly-orientation,person-or-tradition,,identified,,
jin-yuelin,oxford-bibliography,scholarly-orientation,person-or-tradition,,identified,,
jizang,cbeta-api,method-only,catalog-search,,search-required,,
jizang,cbeta-corpus,primary-or-text-corpus,catalog-search,,search-required,,
jizang,chan-sourcebook,scholarly-orientation,person-or-tradition,,identified,,
jizang,ctext-api,method-only,catalog-search,,search-required,,
jizang,ctext-corpus,primary-or-text-corpus,catalog-search,,search-required,,
jizang,oxford-handbook-2025,scholarly-orientation,person-or-tradition,,identified,,
jizang,sinica-hanji,primary-or-text-corpus,catalog-search,,search-required,,
kang-youwei,cbdb,identity-and-dating,catalog-search,,search-required,,
kang-youwei,cbdb-api,method-only,catalog-search,,search-required,,
kang-youwei,ctext-api,method-only,catalog-search,,search-required,,
kang-youwei,ctext-corpus,primary-or-text-corpus,catalog-search,,search-required,,
kang-youwei,mou-history,scholarly-orientation,person-or-tradition,,identified,,
kang-youwei,sep-modern-confucianism,scholarly-orientation,person-or-tradition,,identified,,
kang-youwei,sinica-hanji,primary-or-text-corpus,catalog-search,,search-required,,
king-wen-zhou,chan-sourcebook,scholarly-orientation,person-or-tradition,,identified,,
king-wen-zhou,ctext-api,method-only,catalog-search,,search-required,,
king-wen-zhou,ctext-corpus,primary-or-text-corpus,catalog-search,,search-required,,
king-wen-zhou,sep-social-political,scholarly-orientation,person-or-tradition,,identified,,
king-wen-zhou,sinica-hanji,primary-or-text-corpus,catalog-search,,search-required,,
kuiji,cbdb,identity-and-dating,catalog-search,,search-required,,
kuiji,cbdb-api,method-only,catalog-search,,search-required,,
kuiji,cbeta-api,method-only,catalog-search,,search-required,,
kuiji,cbeta-corpus,primary-or-text-corpus,catalog-search,,search-required,,
kuiji,chan-sourcebook,scholarly-orientation,person-or-tradition,,identified,,
kuiji,ctext-api,method-only,catalog-search,,search-required,,
kuiji,ctext-corpus,primary-or-text-corpus,catalog-search,,search-required,,
kuiji,oxford-handbook-2025,scholarly-orientation,person-or-tradition,,identified,,
kuiji,sinica-hanji,primary-or-text-corpus,catalog-search,,search-required,,
lao-sze-kwang,mou-history,scholarly-orientation,person-or-tradition,,identified,,
lao-sze-kwang,sep-modern-confucianism,scholarly-orientation,person-or-tradition,,identified,,
laozi,chan-sourcebook,scholarly-orientation,person-or-tradition,,identified,,
laozi,ctext-api,method-only,catalog-search,,search-required,,
laozi,ctext-corpus,primary-or-text-corpus,catalog-search,,search-required,,
laozi,oxford-handbook-2025,scholarly-orientation,person-or-tradition,,identified,,
laozi,sinica-hanji,primary-or-text-corpus,catalog-search,,search-required,,
li-ao,cbdb,identity-and-dating,catalog-search,,search-required,,
li-ao,cbdb-api,method-only,catalog-search,,search-required,,
li-ao,chan-sourcebook,scholarly-orientation,person-or-tradition,,identified,,
li-ao,ctext-api,method-only,catalog-search,,search-required,,
li-ao,ctext-corpus,primary-or-text-corpus,catalog-search,,search-required,,
li-ao,sep-song-ming,scholarly-orientation,person-or-tradition,,identified,,
li-ao,sinica-hanji,primary-or-text-corpus,catalog-search,,search-required,,
li-chenyang,oxford-bibliography,scholarly-orientation,person-or-tradition,,identified,,
li-chenyang,oxford-handbook-2025,scholarly-orientation,person-or-tradition,,identified,,
li-da,mou-history,scholarly-orientation,person-or-tradition,,identified,,
li-da,oxford-bibliography,scholarly-orientation,person-or-tradition,,identified,,
li-gong,cbdb,identity-and-dating,catalog-search,,search-required,,
li-gong,cbdb-api,method-only,catalog-search,,search-required,,
li-gong,chan-sourcebook,scholarly-orientation,person-or-tradition,,identified,,
li-gong,ctext-api,method-only,catalog-search,,search-required,,
li-gong,ctext-corpus,primary-or-text-corpus,catalog-search,,search-required,,
li-gong,fung-history,scholarly-orientation,person-or-tradition,,identified,,
li-gong,sinica-hanji,primary-or-text-corpus,catalog-search,,search-required,,
li-si,ctext-api,method-only,catalog-search,,search-required,,
li-si,ctext-corpus,primary-or-text-corpus,catalog-search,,search-required,,
li-si,fung-history,scholarly-orientation,person-or-tradition,,identified,,
li-si,sep-legalism,scholarly-orientation,person-or-tradition,,identified,,
li-si,sinica-hanji,primary-or-text-corpus,catalog-search,,search-required,,
li-zehou,mou-history,scholarly-orientation,person-or-tradition,,identified,,
li-zehou,oxford-bibliography,scholarly-orientation,person-or-tradition,,identified,,
li-zhi,cbdb,identity-and-dating,catalog-search,,search-required,,
li-zhi,cbdb-api,method-only,catalog-search,,search-required,,
li-zhi,chan-sourcebook,scholarly-orientation,person-or-tradition,,identified,,
li-zhi,ctext-api,method-only,catalog-search,,search-required,,
li-zhi,ctext-corpus,primary-or-text-corpus,catalog-search,,search-required,,
li-zhi,sep-song-ming,scholarly-orientation,person-or-tradition,,identified,,
li-zhi,sinica-hanji,primary-or-text-corpus,catalog-search,,search-required,,
liang-qichao,cbdb,identity-and-dating,catalog-search,,search-required,,
liang-qichao,cbdb-api,method-only,catalog-search,,search-required,,
liang-qichao,ctext-api,method-only,catalog-search,,search-required,,
liang-qichao,ctext-corpus,primary-or-text-corpus,catalog-search,,search-required,,
liang-qichao,mou-history,scholarly-orientation,person-or-tradition,,identified,,
liang-qichao,sep-modern-confucianism,scholarly-orientation,person-or-tradition,,identified,,
liang-qichao,sinica-hanji,primary-or-text-corpus,catalog-search,,search-required,,
liang-shuming,chan-sourcebook,scholarly-orientation,person-or-tradition,,identified,,
liang-shuming,sep-modern-confucianism,scholarly-orientation,person-or-tradition,,identified,,
liezi,chan-sourcebook,scholarly-orientation,person-or-tradition,,identified,,
liezi,ctext-api,method-only,catalog-search,,search-required,,
liezi,ctext-corpus,primary-or-text-corpus,catalog-search,,search-required,,
liezi,fung-history,scholarly-orientation,person-or-tradition,,identified,,
liezi,sinica-hanji,primary-or-text-corpus,catalog-search,,search-required,,
linji-yixuan,cbdb,identity-and-dating,catalog-search,,search-required,,
linji-yixuan,cbdb-api,method-only,catalog-search,,search-required,,
linji-yixuan,cbeta-api,method-only,catalog-search,,search-required,,
linji-yixuan,cbeta-corpus,primary-or-text-corpus,catalog-search,,search-required,,
linji-yixuan,chan-sourcebook,scholarly-orientation,person-or-tradition,,identified,,
linji-yixuan,ctext-api,method-only,catalog-search,,search-required,,
linji-yixuan,ctext-corpus,primary-or-text-corpus,catalog-search,,search-required,,
linji-yixuan,oxford-handbook-2025,scholarly-orientation,person-or-tradition,,identified,,
linji-yixuan,sinica-hanji,primary-or-text-corpus,catalog-search,,search-required,,
liu-an,chan-sourcebook,scholarly-orientation,person-or-tradition,,identified,,
liu-an,ctext-api,method-only,catalog-search,,search-required,,
liu-an,ctext-corpus,primary-or-text-corpus,catalog-search,,search-required,,
liu-an,fung-history,scholarly-orientation,person-or-tradition,,identified,,
liu-an,sinica-hanji,primary-or-text-corpus,catalog-search,,search-required,,
liu-zhi,cbdb,identity-and-dating,catalog-search,,search-required,,
liu-zhi,cbdb-api,method-only,catalog-search,,search-required,,
liu-zhi,chan-sourcebook,scholarly-orientation,person-or-tradition,,identified,,
liu-zhi,ctext-api,method-only,catalog-search,,search-required,,
liu-zhi,ctext-corpus,primary-or-text-corpus,catalog-search,,search-required,,
liu-zhi,mou-history,scholarly-orientation,person-or-tradition,,identified,,
liu-zhi,sinica-hanji,primary-or-text-corpus,catalog-search,,search-required,,
liu-zongyuan,cbdb,identity-and-dating,catalog-search,,search-required,,
liu-zongyuan,cbdb-api,method-only,catalog-search,,search-required,,
liu-zongyuan,chan-sourcebook,scholarly-orientation,person-or-tradition,,identified,,
liu-zongyuan,ctext-api,method-only,catalog-search,,search-required,,
liu-zongyuan,ctext-corpus,primary-or-text-corpus,catalog-search,,search-required,,
liu-zongyuan,fung-history,scholarly-orientation,person-or-tradition,,identified,,
liu-zongyuan,sinica-hanji,primary-or-text-corpus,catalog-search,,search-required,,
liu-zongzhou,cbdb,identity-and-dating,catalog-search,,search-required,,
liu-zongzhou,cbdb-api,method-only,catalog-search,,search-required,,
liu-zongzhou,chan-sourcebook,scholarly-orientation,person-or-tradition,,identified,,
liu-zongzhou,ctext-api,method-only,catalog-search,,search-required,,
liu-zongzhou,ctext-corpus,primary-or-text-corpus,catalog-search,,search-required,,
liu-zongzhou,sep-song-ming,scholarly-orientation,person-or-tradition,,identified,,
liu-zongzhou,sinica-hanji,primary-or-text-corpus,catalog-search,,search-required,,
lu-buwei,chan-sourcebook,scholarly-orientation,person-or-tradition,,identified,,
lu-buwei,ctext-api,method-only,catalog-search,,search-required,,
lu-buwei,ctext-corpus,primary-or-text-corpus,catalog-search,,search-required,,
lu-buwei,fung-history,scholarly-orientation,person-or-tradition,,identified,,
lu-buwei,sinica-hanji,primary-or-text-corpus,catalog-search,,search-required,,
lu-jiuyuan,cbdb,identity-and-dating,catalog-search,,search-required,,
lu-jiuyuan,cbdb-api,method-only,catalog-search,,search-required,,
lu-jiuyuan,chan-sourcebook,scholarly-orientation,person-or-tradition,,identified,,
lu-jiuyuan,ctext-api,method-only,catalog-search,,search-required,,
lu-jiuyuan,ctext-corpus,primary-or-text-corpus,catalog-search,,search-required,,
lu-jiuyuan,sep-song-ming,scholarly-orientation,person-or-tradition,,identified,,
lu-jiuyuan,sinica-hanji,primary-or-text-corpus,catalog-search,,search-required,,
lu-sheng,src-lusheng-mobian-xu,identity-and-orientation,person-or-tradition,,identified,codex-ultimate-candidate-expansion-2026-07-17,2026-07-17
lu-xun,src-luxun-nalalism,identity-and-orientation,person-or-tradition,,identified,codex-ultimate-candidate-expansion-2026-07-17,2026-07-17
luo-qinshun,src-luoqinshun-kunzhiji-xulu,identity-and-orientation,person-or-tradition,,identified,codex-ultimate-candidate-expansion-2026-07-17,2026-07-17
luo-rufang,cbdb,identity-and-dating,catalog-search,,search-required,,
luo-rufang,cbdb-api,method-only,catalog-search,,search-required,,
luo-rufang,chan-sourcebook,scholarly-orientation,person-or-tradition,,identified,,
luo-rufang,ctext-api,method-only,catalog-search,,search-required,,
luo-rufang,ctext-corpus,primary-or-text-corpus,catalog-search,,search-required,,
luo-rufang,sep-song-ming,scholarly-orientation,person-or-tradition,,identified,,
luo-rufang,sinica-hanji,primary-or-text-corpus,catalog-search,,search-required,,
lv-cai,src-jiutangshu-lvcai,identity-and-orientation,person-or-tradition,,identified,codex-ultimate-candidate-expansion-2026-07-17,2026-07-17
lv-kun,src-lvkun-shenyinyu-tiandi,identity-and-orientation,person-or-tradition,,identified,codex-ultimate-candidate-expansion-2026-07-17,2026-07-17
lv-zuqian,cbdb,identity-and-dating,catalog-search,,search-required,,
lv-zuqian,cbdb-api,method-only,catalog-search,,search-required,,
lv-zuqian,chan-sourcebook,scholarly-orientation,person-or-tradition,,identified,,
lv-zuqian,ctext-api,method-only,catalog-search,,search-required,,
lv-zuqian,ctext-corpus,primary-or-text-corpus,catalog-search,,search-required,,
lv-zuqian,sep-song-ming,scholarly-orientation,person-or-tradition,,identified,,
lv-zuqian,sinica-hanji,primary-or-text-corpus,catalog-search,,search-required,,
ma-yifu,chan-sourcebook,scholarly-orientation,person-or-tradition,,identified,,
ma-yifu,sep-modern-confucianism,scholarly-orientation,person-or-tradition,,identified,,
ma-zhu,cbdb,identity-and-dating,catalog-search,,search-required,,
ma-zhu,cbdb-api,method-only,catalog-search,,search-required,,
ma-zhu,chan-sourcebook,scholarly-orientation,person-or-tradition,,identified,,
ma-zhu,ctext-api,method-only,catalog-search,,search-required,,
ma-zhu,ctext-corpus,primary-or-text-corpus,catalog-search,,search-required,,
ma-zhu,mou-history,scholarly-orientation,person-or-tradition,,identified,,
ma-zhu,sinica-hanji,primary-or-text-corpus,catalog-search,,search-required,,
mao-zedong,mou-history,scholarly-orientation,person-or-tradition,,identified,,
mao-zedong,oxford-bibliography,scholarly-orientation,person-or-tradition,,identified,,
mazu-daoyi,cbdb,identity-and-dating,catalog-search,,search-required,,
mazu-daoyi,cbdb-api,method-only,catalog-search,,search-required,,
mazu-daoyi,cbeta-api,method-only,catalog-search,,search-required,,
mazu-daoyi,cbeta-corpus,primary-or-text-corpus,catalog-search,,search-required,,
mazu-daoyi,chan-sourcebook,scholarly-orientation,person-or-tradition,,identified,,
mazu-daoyi,ctext-api,method-only,catalog-search,,search-required,,
mazu-daoyi,ctext-corpus,primary-or-text-corpus,catalog-search,,search-required,,
mazu-daoyi,oxford-handbook-2025,scholarly-orientation,person-or-tradition,,identified,,
mazu-daoyi,sinica-hanji,primary-or-text-corpus,catalog-search,,search-required,,
mencius,ctext-api,method-only,catalog-search,,search-required,,
mencius,ctext-corpus,primary-or-text-corpus,catalog-search,,search-required,,
mencius,oxford-handbook-2025,scholarly-orientation,person-or-tradition,,identified,,
mencius,sep-mencius,scholarly-orientation,person-or-tradition,,identified,,
mencius,sinica-hanji,primary-or-text-corpus,catalog-search,,search-required,,
mou-zongsan,chan-sourcebook,scholarly-orientation,person-or-tradition,,identified,,
mou-zongsan,sep-modern-confucianism,scholarly-orientation,person-or-tradition,,identified,,
mozi,ctext-api,method-only,catalog-search,,search-required,,
mozi,ctext-corpus,primary-or-text-corpus,catalog-search,,search-required,,
mozi,oxford-handbook-2025,scholarly-orientation,person-or-tradition,,identified,,
mozi,sep-mohism,scholarly-orientation,person-or-tradition,,identified,,
mozi,sinica-hanji,primary-or-text-corpus,catalog-search,,search-required,,
pei-wei,chan-sourcebook,scholarly-orientation,person-or-tradition,,identified,,
pei-wei,ctext-api,method-only,catalog-search,,search-required,,
pei-wei,ctext-corpus,primary-or-text-corpus,catalog-search,,search-required,,
pei-wei,sep-neo-daoism,scholarly-orientation,person-or-tradition,,identified,,
pei-wei,sinica-hanji,primary-or-text-corpus,catalog-search,,search-required,,
qian-dehong,cbdb,identity-and-dating,catalog-search,,search-required,,
qian-dehong,cbdb-api,method-only,catalog-search,,search-required,,
qian-dehong,chan-sourcebook,scholarly-orientation,person-or-tradition,,identified,,
qian-dehong,ctext-api,method-only,catalog-search,,search-required,,
qian-dehong,ctext-corpus,primary-or-text-corpus,catalog-search,,search-required,,
qian-dehong,sep-song-ming,scholarly-orientation,person-or-tradition,,identified,,
qian-dehong,sinica-hanji,primary-or-text-corpus,catalog-search,,search-required,,
qian-mu,mou-history,scholarly-orientation,person-or-tradition,,identified,,
qian-mu,sep-modern-confucianism,scholarly-orientation,person-or-tradition,,identified,,
robin-wang,oxford-bibliography,scholarly-orientation,person-or-tradition,,identified,,
robin-wang,oxford-handbook-2025,scholarly-orientation,person-or-tradition,,identified,,
ruan-ji,chan-sourcebook,scholarly-orientation,person-or-tradition,,identified,,
ruan-ji,ctext-api,method-only,catalog-search,,search-required,,
ruan-ji,ctext-corpus,primary-or-text-corpus,catalog-search,,search-required,,
ruan-ji,sep-neo-daoism,scholarly-orientation,person-or-tradition,,identified,,
ruan-ji,sinica-hanji,primary-or-text-corpus,catalog-search,,search-required,,
ruan-yuan,cbdb,identity-and-dating,catalog-search,,search-required,,
ruan-yuan,cbdb-api,method-only,catalog-search,,search-required,,
ruan-yuan,ctext-api,method-only,catalog-search,,search-required,,
ruan-yuan,ctext-corpus,primary-or-text-corpus,catalog-search,,search-required,,
ruan-yuan,fung-history,scholarly-orientation,person-or-tradition,,identified,,
ruan-yuan,mou-history,scholarly-orientation,person-or-tradition,,identified,,
ruan-yuan,sinica-hanji,primary-or-text-corpus,catalog-search,,search-required,,
sengzhao,cbeta-api,method-only,catalog-search,,search-required,,
sengzhao,cbeta-corpus,primary-or-text-corpus,catalog-search,,search-required,,
sengzhao,chan-sourcebook,scholarly-orientation,person-or-tradition,,identified,,
sengzhao,ctext-api,method-only,catalog-search,,search-required,,
sengzhao,ctext-corpus,primary-or-text-corpus,catalog-search,,search-required,,
sengzhao,oxford-handbook-2025,scholarly-orientation,person-or-tradition,,identified,,
sengzhao,sinica-hanji,primary-or-text-corpus,catalog-search,,search-required,,
shang-yang,ctext-api,method-only,catalog-search,,search-required,,
shang-yang,ctext-corpus,primary-or-text-corpus,catalog-search,,search-required,,
shang-yang,sep-legalism,scholarly-orientation,person-or-tradition,,identified,,
shang-yang,sep-social-political,scholarly-orientation,person-or-tradition,,identified,,
shang-yang,sinica-hanji,primary-or-text-corpus,catalog-search,,search-required,,
shao-yong,cbdb,identity-and-dating,catalog-search,,search-required,,
shao-yong,cbdb-api,method-only,catalog-search,,search-required,,
shao-yong,chan-sourcebook,scholarly-orientation,person-or-tradition,,identified,,
shao-yong,ctext-api,method-only,catalog-search,,search-required,,
shao-yong,ctext-corpus,primary-or-text-corpus,catalog-search,,search-required,,
shao-yong,sep-song-ming,scholarly-orientation,person-or-tradition,,identified,,
shao-yong,sinica-hanji,primary-or-text-corpus,catalog-search,,search-required,,
shen-buhai,ctext-api,method-only,catalog-search,,search-required,,
shen-buhai,ctext-corpus,primary-or-text-corpus,catalog-search,,search-required,,
shen-buhai,sep-legalism,scholarly-orientation,person-or-tradition,,identified,,
shen-buhai,sep-social-political,scholarly-orientation,person-or-tradition,,identified,,
shen-buhai,sinica-hanji,primary-or-text-corpus,catalog-search,,search-required,,
shen-dao,ctext-api,method-only,catalog-search,,search-required,,
shen-dao,ctext-corpus,primary-or-text-corpus,catalog-search,,search-required,,
shen-dao,sep-legalism,scholarly-orientation,person-or-tradition,,identified,,
shen-dao,sep-social-political,scholarly-orientation,person-or-tradition,,identified,,
shen-dao,sinica-hanji,primary-or-text-corpus,catalog-search,,search-required,,
shenhui,cbdb,identity-and-dating,catalog-search,,search-required,,
shenhui,cbdb-api,method-only,catalog-search,,search-required,,
shenhui,cbeta-api,method-only,catalog-search,,search-required,,
shenhui,cbeta-corpus,primary-or-text-corpus,catalog-search,,search-required,,
shenhui,chan-sourcebook,scholarly-orientation,person-or-tradition,,identified,,
shenhui,ctext-api,method-only,catalog-search,,search-required,,
shenhui,ctext-corpus,primary-or-text-corpus,catalog-search,,search-required,,
shenhui,oxford-handbook-2025,scholarly-orientation,person-or-tradition,,identified,,
shenhui,sinica-hanji,primary-or-text-corpus,catalog-search,,search-required,,
shennong,chan-sourcebook,scholarly-orientation,person-or-tradition,,identified,,
shennong,ctext-api,method-only,catalog-search,,search-required,,
shennong,ctext-corpus,primary-or-text-corpus,catalog-search,,search-required,,
shennong,fung-history,scholarly-orientation,person-or-tradition,,identified,,
shennong,sinica-hanji,primary-or-text-corpus,catalog-search,,search-required,,
shenxiu,cbdb,identity-and-dating,catalog-search,,search-required,,
shenxiu,cbdb-api,method-only,catalog-search,,search-required,,
shenxiu,cbeta-api,method-only,catalog-search,,search-required,,
shenxiu,cbeta-corpus,primary-or-text-corpus,catalog-search,,search-required,,
shenxiu,chan-sourcebook,scholarly-orientation,person-or-tradition,,identified,,
shenxiu,ctext-api,method-only,catalog-search,,search-required,,
shenxiu,ctext-corpus,primary-or-text-corpus,catalog-search,,search-required,,
shenxiu,oxford-handbook-2025,scholarly-orientation,person-or-tradition,,identified,,
shenxiu,sinica-hanji,primary-or-text-corpus,catalog-search,,search-required,,
shun,chan-sourcebook,scholarly-orientation,person-or-tradition,,identified,,
shun,ctext-api,method-only,catalog-search,,search-required,,
shun,ctext-corpus,primary-or-text-corpus,catalog-search,,search-required,,
shun,sep-social-political,scholarly-orientation,person-or-tradition,,identified,,
shun,sinica-hanji,primary-or-text-corpus,catalog-search,,search-required,,
sima-qian,chan-sourcebook,scholarly-orientation,person-or-tradition,,identified,,
sima-qian,ctext-api,method-only,catalog-search,,search-required,,
sima-qian,ctext-corpus,primary-or-text-corpus,catalog-search,,search-required,,
sima-qian,fung-history,scholarly-orientation,person-or-tradition,,identified,,
sima-qian,sinica-hanji,primary-or-text-corpus,catalog-search,,search-required,,
sima-tan,ctext-api,method-only,catalog-search,,search-required,,
sima-tan,ctext-corpus,primary-or-text-corpus,catalog-search,,search-required,,
sima-tan,fung-history,scholarly-orientation,person-or-tradition,,identified,,
sima-tan,sep-legalism,scholarly-orientation,person-or-tradition,,identified,,
sima-tan,sinica-hanji,primary-or-text-corpus,catalog-search,,search-required,,
su-shi,cbdb,identity-and-dating,catalog-search,,search-required,,
su-shi,cbdb-api,method-only,catalog-search,,search-required,,
su-shi,ctext-api,method-only,catalog-search,,search-required,,
su-shi,ctext-corpus,primary-or-text-corpus,catalog-search,,search-required,,
su-shi,fung-history,scholarly-orientation,person-or-tradition,,identified,,
su-shi,mou-history,scholarly-orientation,person-or-tradition,,identified,,
su-shi,sinica-hanji,primary-or-text-corpus,catalog-search,,search-required,,
sun-bin,ctext-api,method-only,catalog-search,,search-required,,
sun-bin,ctext-corpus,primary-or-text-corpus,catalog-search,,search-required,,
sun-bin,fung-history,scholarly-orientation,person-or-tradition,,identified,,
sun-bin,mou-history,scholarly-orientation,person-or-tradition,,identified,,
sun-bin,sinica-hanji,primary-or-text-corpus,catalog-search,,search-required,,
sun-yat-sen,fung-history,scholarly-orientation,person-or-tradition,,identified,,
sun-yat-sen,mou-history,scholarly-orientation,person-or-tradition,,identified,,
sunzi,ctext-api,method-only,catalog-search,,search-required,,
sunzi,ctext-corpus,primary-or-text-corpus,catalog-search,,search-required,,
sunzi,fung-history,scholarly-orientation,person-or-tradition,,identified,,
sunzi,mou-history,scholarly-orientation,person-or-tradition,,identified,,
sunzi,sinica-hanji,primary-or-text-corpus,catalog-search,,search-required,,
tan-sitong,cbdb,identity-and-dating,catalog-search,,search-required,,
tan-sitong,cbdb-api,method-only,catalog-search,,search-required,,
tan-sitong,ctext-api,method-only,catalog-search,,search-required,,
tan-sitong,ctext-corpus,primary-or-text-corpus,catalog-search,,search-required,,
tan-sitong,mou-history,scholarly-orientation,person-or-tradition,,identified,,
tan-sitong,sep-modern-confucianism,scholarly-orientation,person-or-tradition,,identified,,
tan-sitong,sinica-hanji,primary-or-text-corpus,catalog-search,,search-required,,
tang-junyi,chan-sourcebook,scholarly-orientation,person-or-tradition,,identified,,
tang-junyi,sep-modern-confucianism,scholarly-orientation,person-or-tradition,,identified,,
tang-zhen,src-tangzhen-qianshu-shiyu,identity-and-orientation,person-or-tradition,,identified,codex-ultimate-candidate-expansion-2026-07-17,2026-07-17
tu-weiming,oxford-bibliography,scholarly-orientation,person-or-tradition,,identified,,
tu-weiming,sep-modern-confucianism,scholarly-orientation,person-or-tradition,,identified,,
wang-bi,ctext-api,method-only,catalog-search,,search-required,,
wang-bi,ctext-corpus,primary-or-text-corpus,catalog-search,,search-required,,
wang-bi,oxford-handbook-2025,scholarly-orientation,person-or-tradition,,identified,,
wang-bi,sep-neo-daoism,scholarly-orientation,person-or-tradition,,identified,,
wang-bi,sinica-hanji,primary-or-text-corpus,catalog-search,,search-required,,
wang-chong,chan-sourcebook,scholarly-orientation,person-or-tradition,,identified,,
wang-chong,ctext-api,method-only,catalog-search,,search-required,,
wang-chong,ctext-corpus,primary-or-text-corpus,catalog-search,,search-required,,
wang-chong,fung-history,scholarly-orientation,person-or-tradition,,identified,,
wang-chong,sinica-hanji,primary-or-text-corpus,catalog-search,,search-required,,
wang-daiyu,cbdb,identity-and-dating,catalog-search,,search-required,,
wang-daiyu,cbdb-api,method-only,catalog-search,,search-required,,
wang-daiyu,chan-sourcebook,scholarly-orientation,person-or-tradition,,identified,,
wang-daiyu,ctext-api,method-only,catalog-search,,search-required,,
wang-daiyu,ctext-corpus,primary-or-text-corpus,catalog-search,,search-required,,
wang-daiyu,mou-history,scholarly-orientation,person-or-tradition,,identified,,
wang-daiyu,sinica-hanji,primary-or-text-corpus,catalog-search,,search-required,,
wang-fu,chan-sourcebook,scholarly-orientation,person-or-tradition,,identified,,
wang-fu,ctext-api,method-only,catalog-search,,search-required,,
wang-fu,ctext-corpus,primary-or-text-corpus,catalog-search,,search-required,,
wang-fu,fung-history,scholarly-orientation,person-or-tradition,,identified,,
wang-fu,sinica-hanji,primary-or-text-corpus,catalog-search,,search-required,,
wang-fuzhi,cbdb,identity-and-dating,catalog-search,,search-required,,
wang-fuzhi,cbdb-api,method-only,catalog-search,,search-required,,
wang-fuzhi,chan-sourcebook,scholarly-orientation,person-or-tradition,,identified,,
wang-fuzhi,ctext-api,method-only,catalog-search,,search-required,,
wang-fuzhi,ctext-corpus,primary-or-text-corpus,catalog-search,,search-required,,
wang-fuzhi,sep-song-ming,scholarly-orientation,person-or-tradition,,identified,,
wang-fuzhi,sinica-hanji,primary-or-text-corpus,catalog-search,,search-required,,
wang-gen,cbdb,identity-and-dating,catalog-search,,search-required,,
wang-gen,cbdb-api,method-only,catalog-search,,search-required,,
wang-gen,chan-sourcebook,scholarly-orientation,person-or-tradition,,identified,,
wang-gen,ctext-api,method-only,catalog-search,,search-required,,
wang-gen,ctext-corpus,primary-or-text-corpus,catalog-search,,search-required,,
wang-gen,sep-song-ming,scholarly-orientation,person-or-tradition,,identified,,
wang-gen,sinica-hanji,primary-or-text-corpus,catalog-search,,search-required,,
wang-hui,mou-history,scholarly-orientation,person-or-tradition,,identified,,
wang-hui,oxford-bibliography,scholarly-orientation,person-or-tradition,,identified,,
wang-ji,cbdb,identity-and-dating,catalog-search,,search-required,,
wang-ji,cbdb-api,method-only,catalog-search,,search-required,,
wang-ji,chan-sourcebook,scholarly-orientation,person-or-tradition,,identified,,
wang-ji,ctext-api,method-only,catalog-search,,search-required,,
wang-ji,ctext-corpus,primary-or-text-corpus,catalog-search,,search-required,,
wang-ji,sep-song-ming,scholarly-orientation,person-or-tradition,,identified,,
wang-ji,sinica-hanji,primary-or-text-corpus,catalog-search,,search-required,,
wang-ruoshui,mou-history,scholarly-orientation,person-or-tradition,,identified,,
wang-ruoshui,oxford-bibliography,scholarly-orientation,person-or-tradition,,identified,,
wang-tingxiang,src-wangtingxiang-shenyan-mingruxuean,identity-and-orientation,person-or-tradition,,identified,codex-ultimate-candidate-expansion-2026-07-17,2026-07-17
wang-tong-sui,src-zhongshuo-wangtong-one,identity-and-orientation,person-or-tradition,,identified,codex-ultimate-candidate-expansion-2026-07-17,2026-07-17
wang-yangming,cbdb,identity-and-dating,catalog-search,,search-required,,
wang-yangming,cbdb-api,method-only,catalog-search,,search-required,,
wang-yangming,ctext-api,method-only,catalog-search,,search-required,,
wang-yangming,ctext-corpus,primary-or-text-corpus,catalog-search,,search-required,,
wang-yangming,oxford-handbook-2025,scholarly-orientation,person-or-tradition,,identified,,
wang-yangming,sep-song-ming,scholarly-orientation,person-or-tradition,,identified,,
wang-yangming,sinica-hanji,primary-or-text-corpus,catalog-search,,search-required,,
wang-yinglin,cbdb,identity-and-dating,catalog-search,,search-required,,
wang-yinglin,cbdb-api,method-only,catalog-search,,search-required,,
wang-yinglin,ctext-api,method-only,catalog-search,,search-required,,
wang-yinglin,ctext-corpus,primary-or-text-corpus,catalog-search,,search-required,,
wang-yinglin,fung-history,scholarly-orientation,person-or-tradition,,identified,,
wang-yinglin,mou-history,scholarly-orientation,person-or-tradition,,identified,,
wang-yinglin,sinica-hanji,primary-or-text-corpus,catalog-search,,search-required,,
wei-yuan,cbdb,identity-and-dating,catalog-search,,search-required,,
wei-yuan,cbdb-api,method-only,catalog-search,,search-required,,
wei-yuan,ctext-api,method-only,catalog-search,,search-required,,
wei-yuan,ctext-corpus,primary-or-text-corpus,catalog-search,,search-required,,
wei-yuan,fung-history,scholarly-orientation,person-or-tradition,,identified,,
wei-yuan,mou-history,scholarly-orientation,person-or-tradition,,identified,,
wei-yuan,sinica-hanji,primary-or-text-corpus,catalog-search,,search-required,,
wu-cheng,cbdb,identity-and-dating,catalog-search,,search-required,,
wu-cheng,cbdb-api,method-only,catalog-search,,search-required,,
wu-cheng,chan-sourcebook,scholarly-orientation,person-or-tradition,,identified,,
wu-cheng,ctext-api,method-only,catalog-search,,search-required,,
wu-cheng,ctext-corpus,primary-or-text-corpus,catalog-search,,search-required,,
wu-cheng,fung-history,scholarly-orientation,person-or-tradition,,identified,,
wu-cheng,sinica-hanji,primary-or-text-corpus,catalog-search,,search-required,,
wu-yubi,cbdb,identity-and-dating,catalog-search,,search-required,,
wu-yubi,cbdb-api,method-only,catalog-search,,search-required,,
wu-yubi,chan-sourcebook,scholarly-orientation,person-or-tradition,,identified,,
wu-yubi,ctext-api,method-only,catalog-search,,search-required,,
wu-yubi,ctext-corpus,primary-or-text-corpus,catalog-search,,search-required,,
wu-yubi,sep-song-ming,scholarly-orientation,person-or-tradition,,identified,,
wu-yubi,sinica-hanji,primary-or-text-corpus,catalog-search,,search-required,,
wunengzi,src-wunengzi-shengguo,identity-and-orientation,person-or-tradition,,identified,codex-ultimate-candidate-expansion-2026-07-17,2026-07-17
xiang-xiu,chan-sourcebook,scholarly-orientation,person-or-tradition,,identified,,
xiang-xiu,ctext-api,method-only,catalog-search,,search-required,,
xiang-xiu,ctext-corpus,primary-or-text-corpus,catalog-search,,search-required,,
xiang-xiu,sep-neo-daoism,scholarly-orientation,person-or-tradition,,identified,,
xiang-xiu,sinica-hanji,primary-or-text-corpus,catalog-search,,search-required,,
xiong-shili,chan-sourcebook,scholarly-orientation,person-or-tradition,,identified,,
xiong-shili,sep-modern-confucianism,scholarly-orientation,person-or-tradition,,identified,,
xu-fuguan,chan-sourcebook,scholarly-orientation,person-or-tradition,,identified,,
xu-fuguan,sep-modern-confucianism,scholarly-orientation,person-or-tradition,,identified,,
xu-heng,cbdb,identity-and-dating,catalog-search,,search-required,,
xu-heng,cbdb-api,method-only,catalog-search,,search-required,,
xu-heng,chan-sourcebook,scholarly-orientation,person-or-tradition,,identified,,
xu-heng,ctext-api,method-only,catalog-search,,search-required,,
xu-heng,ctext-corpus,primary-or-text-corpus,catalog-search,,search-required,,
xu-heng,fung-history,scholarly-orientation,person-or-tradition,,identified,,
xu-heng,sinica-hanji,primary-or-text-corpus,catalog-search,,search-required,,
xu-xing,ctext-api,method-only,catalog-search,,search-required,,
xu-xing,ctext-corpus,primary-or-text-corpus,catalog-search,,search-required,,
xu-xing,sep-mencius,scholarly-orientation,person-or-tradition,,identified,,
xu-xing,sep-social-political,scholarly-orientation,person-or-tradition,,identified,,
xu-xing,sinica-hanji,primary-or-text-corpus,catalog-search,,search-required,,
xuanzang,cbdb,identity-and-dating,catalog-search,,search-required,,
xuanzang,cbdb-api,method-only,catalog-search,,search-required,,
xuanzang,cbeta-api,method-only,catalog-search,,search-required,,
xuanzang,cbeta-corpus,primary-or-text-corpus,catalog-search,,search-required,,
xuanzang,chan-sourcebook,scholarly-orientation,person-or-tradition,,identified,,
xuanzang,ctext-api,method-only,catalog-search,,search-required,,
xuanzang,ctext-corpus,primary-or-text-corpus,catalog-search,,search-required,,
xuanzang,oxford-handbook-2025,scholarly-orientation,person-or-tradition,,identified,,
xuanzang,sinica-hanji,primary-or-text-corpus,catalog-search,,search-required,,
xunzi,ctext-api,method-only,catalog-search,,search-required,,
xunzi,ctext-corpus,primary-or-text-corpus,catalog-search,,search-required,,
xunzi,oxford-handbook-2025,scholarly-orientation,person-or-tradition,,identified,,
xunzi,sep-social-political,scholarly-orientation,person-or-tradition,,identified,,
xunzi,sinica-hanji,primary-or-text-corpus,catalog-search,,search-required,,
yan-fu,cbdb,identity-and-dating,catalog-search,,search-required,,
yan-fu,cbdb-api,method-only,catalog-search,,search-required,,
yan-fu,ctext-api,method-only,catalog-search,,search-required,,
yan-fu,ctext-corpus,primary-or-text-corpus,catalog-search,,search-required,,
yan-fu,mou-history,scholarly-orientation,person-or-tradition,,identified,,
yan-fu,sep-modern-confucianism,scholarly-orientation,person-or-tradition,,identified,,
yan-fu,sinica-hanji,primary-or-text-corpus,catalog-search,,search-required,,
yan-hui,chan-sourcebook,scholarly-orientation,person-or-tradition,,identified,,
yan-hui,ctext-api,method-only,catalog-search,,search-required,,
yan-hui,ctext-corpus,primary-or-text-corpus,catalog-search,,search-required,,
yan-hui,fung-history,scholarly-orientation,person-or-tradition,,identified,,
yan-hui,sinica-hanji,primary-or-text-corpus,catalog-search,,search-required,,
yan-ying,src-yanzichunqiu-he-wikisource,identity-and-orientation,person-or-tradition,,identified,codex-ultimate-candidate-expansion-2026-07-17,2026-07-17
yan-yuan,cbdb,identity-and-dating,catalog-search,,search-required,,
yan-yuan,cbdb-api,method-only,catalog-search,,search-required,,
yan-yuan,chan-sourcebook,scholarly-orientation,person-or-tradition,,identified,,
yan-yuan,ctext-api,method-only,catalog-search,,search-required,,
yan-yuan,ctext-corpus,primary-or-text-corpus,catalog-search,,search-required,,
yan-yuan,fung-history,scholarly-orientation,person-or-tradition,,identified,,
yan-yuan,sinica-hanji,primary-or-text-corpus,catalog-search,,search-required,,
yang-guorong,ecnu-yang-guorong,identity-and-bibliography,person-or-tradition,,identified,,
yang-guorong,oxford-bibliography,scholarly-orientation,person-or-tradition,,identified,,
yang-xiong,chan-sourcebook,scholarly-orientation,person-or-tradition,,identified,,
yang-xiong,ctext-api,method-only,catalog-search,,search-required,,
yang-xiong,ctext-corpus,primary-or-text-corpus,catalog-search,,search-required,,
yang-xiong,fung-history,scholarly-orientation,person-or-tradition,,identified,,
yang-xiong,sinica-hanji,primary-or-text-corpus,catalog-search,,search-required,,
yang-zhu,ctext-api,method-only,catalog-search,,search-required,,
yang-zhu,ctext-corpus,primary-or-text-corpus,catalog-search,,search-required,,
yang-zhu,fung-history,scholarly-orientation,person-or-tradition,,identified,,
yang-zhu,oxford-handbook-2025,scholarly-orientation,person-or-tradition,,identified,,
yang-zhu,sinica-hanji,primary-or-text-corpus,catalog-search,,search-required,,
yao,chan-sourcebook,scholarly-orientation,person-or-tradition,,identified,,
yao,ctext-api,method-only,catalog-search,,search-required,,
yao,ctext-corpus,primary-or-text-corpus,catalog-search,,search-required,,
yao,sep-social-political,scholarly-orientation,person-or-tradition,,identified,,
yao,sinica-hanji,primary-or-text-corpus,catalog-search,,search-required,,
ye-shi,cbdb,identity-and-dating,catalog-search,,search-required,,
ye-shi,cbdb-api,method-only,catalog-search,,search-required,,
ye-shi,chan-sourcebook,scholarly-orientation,person-or-tradition,,identified,,
ye-shi,ctext-api,method-only,catalog-search,,search-required,,
ye-shi,ctext-corpus,primary-or-text-corpus,catalog-search,,search-required,,
ye-shi,sep-song-ming,scholarly-orientation,person-or-tradition,,identified,,
ye-shi,sinica-hanji,primary-or-text-corpus,catalog-search,,search-required,,
yu-the-great,chan-sourcebook,scholarly-orientation,person-or-tradition,,identified,,
yu-the-great,ctext-api,method-only,catalog-search,,search-required,,
yu-the-great,ctext-corpus,primary-or-text-corpus,catalog-search,,search-required,,
yu-the-great,sep-social-political,scholarly-orientation,person-or-tradition,,identified,,
yu-the-great,sinica-hanji,primary-or-text-corpus,catalog-search,,search-required,,
zengzi,chan-sourcebook,scholarly-orientation,person-or-tradition,,identified,,
zengzi,ctext-api,method-only,catalog-search,,search-required,,
zengzi,ctext-corpus,primary-or-text-corpus,catalog-search,,search-required,,
zengzi,fung-history,scholarly-orientation,person-or-tradition,,identified,,
zengzi,sinica-hanji,primary-or-text-corpus,catalog-search,,search-required,,
zhan-ruoshui,cbdb,identity-and-dating,catalog-search,,search-required,,
zhan-ruoshui,cbdb-api,method-only,catalog-search,,search-required,,
zhan-ruoshui,chan-sourcebook,scholarly-orientation,person-or-tradition,,identified,,
zhan-ruoshui,ctext-api,method-only,catalog-search,,search-required,,
zhan-ruoshui,ctext-corpus,primary-or-text-corpus,catalog-search,,search-required,,
zhan-ruoshui,sep-song-ming,scholarly-orientation,person-or-tradition,,identified,,
zhan-ruoshui,sinica-hanji,primary-or-text-corpus,catalog-search,,search-required,,
zhang-dainian,mou-history,scholarly-orientation,person-or-tradition,,identified,,
zhang-dainian,oxford-bibliography,scholarly-orientation,person-or-tradition,,identified,,
zhang-dongsun,mou-history,scholarly-orientation,person-or-tradition,,identified,,
zhang-dongsun,oxford-bibliography,scholarly-orientation,person-or-tradition,,identified,,
zhang-junmai,mou-history,scholarly-orientation,person-or-tradition,,identified,,
zhang-junmai,sep-modern-confucianism,scholarly-orientation,person-or-tradition,,identified,,
zhang-shi,cbdb,identity-and-dating,catalog-search,,search-required,,
zhang-shi,cbdb-api,method-only,catalog-search,,search-required,,
zhang-shi,chan-sourcebook,scholarly-orientation,person-or-tradition,,identified,,
zhang-shi,ctext-api,method-only,catalog-search,,search-required,,
zhang-shi,ctext-corpus,primary-or-text-corpus,catalog-search,,search-required,,
zhang-shi,sep-song-ming,scholarly-orientation,person-or-tradition,,identified,,
zhang-shi,sinica-hanji,primary-or-text-corpus,catalog-search,,search-required,,
zhang-shiying,mou-history,scholarly-orientation,person-or-tradition,,identified,,
zhang-shiying,oxford-bibliography,scholarly-orientation,person-or-tradition,,identified,,
zhang-taiyan,cbeta-api,method-only,catalog-search,,search-required,,
zhang-taiyan,cbeta-corpus,primary-or-text-corpus,catalog-search,,search-required,,
zhang-taiyan,fung-history,scholarly-orientation,person-or-tradition,,identified,,
zhang-taiyan,mou-history,scholarly-orientation,person-or-tradition,,identified,,
zhang-xuecheng,cbdb,identity-and-dating,catalog-search,,search-required,,
zhang-xuecheng,cbdb-api,method-only,catalog-search,,search-required,,
zhang-xuecheng,chan-sourcebook,scholarly-orientation,person-or-tradition,,identified,,
zhang-xuecheng,ctext-api,method-only,catalog-search,,search-required,,
zhang-xuecheng,ctext-corpus,primary-or-text-corpus,catalog-search,,search-required,,
zhang-xuecheng,fung-history,scholarly-orientation,person-or-tradition,,identified,,
zhang-xuecheng,sinica-hanji,primary-or-text-corpus,catalog-search,,search-required,,
zhang-zai,cbdb,identity-and-dating,catalog-search,,search-required,,
zhang-zai,cbdb-api,method-only,catalog-search,,search-required,,
zhang-zai,ctext-api,method-only,catalog-search,,search-required,,
zhang-zai,ctext-corpus,primary-or-text-corpus,catalog-search,,search-required,,
zhang-zai,oxford-handbook-2025,scholarly-orientation,person-or-tradition,,identified,,
zhang-zai,sep-song-ming,scholarly-orientation,person-or-tradition,,identified,,
zhang-zai,sinica-hanji,primary-or-text-corpus,catalog-search,,search-required,,
zhao-tingyang,mou-history,scholarly-orientation,person-or-tradition,,identified,,
zhao-tingyang,oxford-bibliography,scholarly-orientation,person-or-tradition,,identified,,
zheng-xuan,chan-sourcebook,scholarly-orientation,person-or-tradition,,identified,,
zheng-xuan,ctext-api,method-only,catalog-search,,search-required,,
zheng-xuan,ctext-corpus,primary-or-text-corpus,catalog-search,,search-required,,
zheng-xuan,fung-history,scholarly-orientation,person-or-tradition,,identified,,
zheng-xuan,sinica-hanji,primary-or-text-corpus,catalog-search,,search-required,,
zhi-dun,cbeta-api,method-only,catalog-search,,search-required,,
zhi-dun,cbeta-corpus,primary-or-text-corpus,catalog-search,,search-required,,
zhi-dun,chan-sourcebook,scholarly-orientation,person-or-tradition,,identified,,
zhi-dun,ctext-api,method-only,catalog-search,,search-required,,
zhi-dun,ctext-corpus,primary-or-text-corpus,catalog-search,,search-required,,
zhi-dun,oxford-handbook-2025,scholarly-orientation,person-or-tradition,,identified,,
zhi-dun,sinica-hanji,primary-or-text-corpus,catalog-search,,search-required,,
zhiyi,cbeta-api,method-only,catalog-search,,search-required,,
zhiyi,cbeta-corpus,primary-or-text-corpus,catalog-search,,search-required,,
zhiyi,chan-sourcebook,scholarly-orientation,person-or-tradition,,identified,,
zhiyi,ctext-api,method-only,catalog-search,,search-required,,
zhiyi,ctext-corpus,primary-or-text-corpus,catalog-search,,search-required,,
zhiyi,oxford-handbook-2025,scholarly-orientation,person-or-tradition,,identified,,
zhiyi,sinica-hanji,primary-or-text-corpus,catalog-search,,search-required,,
zhongchang-tong,src-changyan-zhong-zhongchangtong,identity-and-orientation,person-or-tradition,,identified,codex-ultimate-candidate-expansion-2026-07-17,2026-07-17
zhou-dunyi,cbdb,identity-and-dating,catalog-search,,search-required,,
zhou-dunyi,cbdb-api,method-only,catalog-search,,search-required,,
zhou-dunyi,chan-sourcebook,scholarly-orientation,person-or-tradition,,identified,,
zhou-dunyi,ctext-api,method-only,catalog-search,,search-required,,
zhou-dunyi,ctext-corpus,primary-or-text-corpus,catalog-search,,search-required,,
zhou-dunyi,sep-song-ming,scholarly-orientation,person-or-tradition,,identified,,
zhou-dunyi,sinica-hanji,primary-or-text-corpus,catalog-search,,search-required,,
zhu-xi,cbdb,identity-and-dating,catalog-search,,search-required,,
zhu-xi,cbdb-api,method-only,catalog-search,,search-required,,
zhu-xi,ctext-api,method-only,catalog-search,,search-required,,
zhu-xi,ctext-corpus,primary-or-text-corpus,catalog-search,,search-required,,
zhu-xi,oxford-handbook-2025,scholarly-orientation,person-or-tradition,,identified,,
zhu-xi,sep-song-ming,scholarly-orientation,person-or-tradition,,identified,,
zhu-xi,sinica-hanji,primary-or-text-corpus,catalog-search,,search-required,,
zhuangzi,ctext-api,method-only,catalog-search,,search-required,,
zhuangzi,ctext-corpus,primary-or-text-corpus,catalog-search,,search-required,,
zhuangzi,oxford-handbook-2025,scholarly-orientation,person-or-tradition,,identified,,
zhuangzi,sep-zhuangzi,scholarly-orientation,person-or-tradition,,identified,,
zhuangzi,sinica-hanji,primary-or-text-corpus,catalog-search,,search-required,,
zisi,chan-sourcebook,scholarly-orientation,person-or-tradition,,identified,,
zisi,ctext-api,method-only,catalog-search,,search-required,,
zisi,ctext-corpus,primary-or-text-corpus,catalog-search,,search-required,,
zisi,fung-history,scholarly-orientation,person-or-tradition,,identified,,
zisi,sinica-hanji,primary-or-text-corpus,catalog-search,,search-required,,
zongmi,cbdb,identity-and-dating,catalog-search,,search-required,,
zongmi,cbdb-api,method-only,catalog-search,,search-required,,
zongmi,cbeta-api,method-only,catalog-search,,search-required,,
zongmi,cbeta-corpus,primary-or-text-corpus,catalog-search,,search-required,,
zongmi,chan-sourcebook,scholarly-orientation,person-or-tradition,,identified,,
zongmi,ctext-api,method-only,catalog-search,,search-required,,
zongmi,ctext-corpus,primary-or-text-corpus,catalog-search,,search-required,,
zongmi,oxford-handbook-2025,scholarly-orientation,person-or-tradition,,identified,,
zongmi,sinica-hanji,primary-or-text-corpus,catalog-search,,search-required,,
zou-yan,ctext-api,method-only,catalog-search,,search-required,,
zou-yan,ctext-corpus,primary-or-text-corpus,catalog-search,,search-required,,
zou-yan,fung-history,scholarly-orientation,person-or-tradition,,identified,,
zou-yan,oxford-handbook-2025,scholarly-orientation,person-or-tradition,,identified,,
zou-yan,sinica-hanji,primary-or-text-corpus,catalog-search,,search-required,,
