person_id,coverage_dimension,applicability,source_status,extraction_status,canonical_claim_count,saturation_status,gap_code,reviewer,reviewed_at
ai-siqi,dialectics,applicable,orientation-source-only,not-started,0,not-assessed,claim-extraction,,
ai-siqi,education,applicable,orientation-source-only,not-started,0,not-assessed,claim-extraction,,
ai-siqi,intellectual-development,applicable,orientation-source-only,not-started,0,not-assessed,claim-extraction,,
ai-siqi,political,applicable,orientation-source-only,not-started,0,not-assessed,claim-extraction,,
ai-siqi,primary-works,applicable,orientation-source-only,not-started,0,not-assessed,claim-extraction,,
bai-tongdong,ethics,applicable,orientation-source-only,not-started,0,not-assessed,claim-extraction,,
bai-tongdong,intellectual-development,applicable,orientation-source-only,not-started,0,not-assessed,claim-extraction,,
bai-tongdong,political,applicable,orientation-source-only,not-started,0,not-assessed,claim-extraction,,
bai-tongdong,primary-works,applicable,orientation-source-only,not-started,0,not-assessed,claim-extraction,,
ban-zhao,education,applicable,orientation-source-only,not-started,0,not-assessed,claim-extraction,,
ban-zhao,ethics,applicable,orientation-source-only,not-started,0,not-assessed,claim-extraction,,
ban-zhao,gender,applicable,orientation-source-only,not-started,0,not-assessed,claim-extraction,,
ban-zhao,intellectual-development,applicable,orientation-source-only,not-started,0,not-assessed,claim-extraction,,
ban-zhao,primary-works,applicable,orientation-source-only,not-started,0,not-assessed,claim-extraction,,
bodhidharma,intellectual-development,applicable,orientation-source-only,not-started,0,not-assessed,claim-extraction,,
bodhidharma,mind,applicable,orientation-source-only,not-started,0,not-assessed,claim-extraction,,
bodhidharma,primary-works,applicable,orientation-source-only,not-started,0,not-assessed,claim-extraction,,
bodhidharma,religion,applicable,orientation-source-only,not-started,0,not-assessed,claim-extraction,,
bodhidharma,self-cultivation,applicable,orientation-source-only,not-started,0,not-assessed,claim-extraction,,
cai-yuanpei,aesthetics,applicable,orientation-source-only,not-started,0,not-assessed,claim-extraction,,
cai-yuanpei,education,applicable,orientation-source-only,not-started,0,not-assessed,claim-extraction,,
cai-yuanpei,ethics,applicable,orientation-source-only,not-started,0,not-assessed,claim-extraction,,
cai-yuanpei,intellectual-development,applicable,orientation-source-only,not-started,0,not-assessed,claim-extraction,,
cai-yuanpei,primary-works,applicable,orientation-source-only,not-started,0,not-assessed,claim-extraction,,
chen-lai,ethics,applicable,orientation-source-only,not-started,0,not-assessed,claim-extraction,,
chen-lai,history,applicable,orientation-source-only,not-started,0,not-assessed,claim-extraction,,
chen-lai,intellectual-development,applicable,orientation-source-only,not-started,0,not-assessed,claim-extraction,,
chen-lai,metaphysics,applicable,orientation-source-only,not-started,0,not-assessed,claim-extraction,,
chen-lai,primary-works,applicable,orientation-source-only,not-started,0,not-assessed,claim-extraction,,
chen-liang,ethics,applicable,orientation-source-only,not-started,0,not-assessed,claim-extraction,,
chen-liang,history,applicable,orientation-source-only,not-started,0,not-assessed,claim-extraction,,
chen-liang,intellectual-development,applicable,orientation-source-only,not-started,0,not-assessed,claim-extraction,,
chen-liang,political,applicable,orientation-source-only,not-started,0,not-assessed,claim-extraction,,
chen-liang,primary-works,applicable,orientation-source-only,not-started,0,not-assessed,claim-extraction,,
chen-xianzhang,ethics,applicable,orientation-source-only,not-started,0,not-assessed,claim-extraction,,
chen-xianzhang,intellectual-development,applicable,orientation-source-only,not-started,0,not-assessed,claim-extraction,,
chen-xianzhang,mind,applicable,orientation-source-only,not-started,0,not-assessed,claim-extraction,,
chen-xianzhang,primary-works,applicable,orientation-source-only,not-started,0,not-assessed,claim-extraction,,
chen-xianzhang,self-cultivation,applicable,orientation-source-only,not-started,0,not-assessed,claim-extraction,,
cheng-chung-ying,ethics,applicable,orientation-source-only,not-started,0,not-assessed,claim-extraction,,
cheng-chung-ying,hermeneutics,applicable,orientation-source-only,not-started,0,not-assessed,claim-extraction,,
cheng-chung-ying,intellectual-development,applicable,orientation-source-only,not-started,0,not-assessed,claim-extraction,,
cheng-chung-ying,metaphysics,applicable,orientation-source-only,not-started,0,not-assessed,claim-extraction,,
cheng-chung-ying,primary-works,applicable,orientation-source-only,not-started,0,not-assessed,claim-extraction,,
cheng-hao,ethics,applicable,orientation-source-only,not-started,0,not-assessed,claim-extraction,,
cheng-hao,intellectual-development,applicable,orientation-source-only,not-started,0,not-assessed,claim-extraction,,
cheng-hao,metaphysics,applicable,orientation-source-only,not-started,0,not-assessed,claim-extraction,,
cheng-hao,mind,applicable,orientation-source-only,not-started,0,not-assessed,claim-extraction,,
cheng-hao,primary-works,applicable,orientation-source-only,not-started,0,not-assessed,claim-extraction,,
cheng-yi,epistemology,applicable,orientation-source-only,not-started,0,not-assessed,claim-extraction,,
cheng-yi,ethics,applicable,orientation-source-only,not-started,0,not-assessed,claim-extraction,,
cheng-yi,intellectual-development,applicable,orientation-source-only,not-started,0,not-assessed,claim-extraction,,
cheng-yi,metaphysics,applicable,orientation-source-only,not-started,0,not-assessed,claim-extraction,,
cheng-yi,primary-works,applicable,orientation-source-only,not-started,0,not-assessed,claim-extraction,,
confucius,education,applicable,orientation-source-only,not-started,0,not-assessed,claim-extraction,,
confucius,ethics,applicable,orientation-source-only,partial,3,not-assessed,coverage-expansion,,
confucius,intellectual-development,applicable,orientation-source-only,not-started,0,not-assessed,claim-extraction,,
confucius,political,applicable,orientation-source-only,partial,1,not-assessed,coverage-expansion,,
confucius,primary-works,applicable,orientation-source-only,not-started,0,not-assessed,claim-extraction,,
confucius,ritual,applicable,orientation-source-only,partial,1,not-assessed,coverage-expansion,,
dai-zhen,ethics,applicable,orientation-source-only,not-started,0,not-assessed,claim-extraction,,
dai-zhen,intellectual-development,applicable,orientation-source-only,not-started,0,not-assessed,claim-extraction,,
dai-zhen,language,applicable,orientation-source-only,not-started,0,not-assessed,claim-extraction,,
dai-zhen,metaphysics,applicable,orientation-source-only,not-started,0,not-assessed,claim-extraction,,
dai-zhen,primary-works,applicable,orientation-source-only,not-started,0,not-assessed,claim-extraction,,
daosheng,intellectual-development,applicable,orientation-source-only,not-started,0,not-assessed,claim-extraction,,
daosheng,metaphysics,applicable,orientation-source-only,not-started,0,not-assessed,claim-extraction,,
daosheng,mind,applicable,orientation-source-only,not-started,0,not-assessed,claim-extraction,,
daosheng,primary-works,applicable,orientation-source-only,not-started,0,not-assessed,claim-extraction,,
daosheng,religion,applicable,orientation-source-only,not-started,0,not-assessed,claim-extraction,,
dong-zhongshu,cosmology,applicable,orientation-source-only,not-started,0,not-assessed,claim-extraction,,
dong-zhongshu,ethics,applicable,orientation-source-only,not-started,0,not-assessed,claim-extraction,,
dong-zhongshu,intellectual-development,applicable,orientation-source-only,not-started,0,not-assessed,claim-extraction,,
dong-zhongshu,nature,applicable,orientation-source-only,not-started,0,not-assessed,claim-extraction,,
dong-zhongshu,political,applicable,orientation-source-only,not-started,0,not-assessed,claim-extraction,,
dong-zhongshu,primary-works,applicable,orientation-source-only,not-started,0,not-assessed,claim-extraction,,
du-shun,intellectual-development,applicable,orientation-source-only,not-started,0,not-assessed,claim-extraction,,
du-shun,metaphysics,applicable,orientation-source-only,not-started,0,not-assessed,claim-extraction,,
du-shun,primary-works,applicable,orientation-source-only,not-started,0,not-assessed,claim-extraction,,
du-shun,religion,applicable,orientation-source-only,not-started,0,not-assessed,claim-extraction,,
duke-zhou,ethics,applicable,orientation-source-only,not-started,0,not-assessed,claim-extraction,,
duke-zhou,intellectual-development,applicable,orientation-source-only,not-started,0,not-assessed,claim-extraction,,
duke-zhou,political,applicable,orientation-source-only,not-started,0,not-assessed,claim-extraction,,
duke-zhou,primary-works,applicable,orientation-source-only,not-started,0,not-assessed,claim-extraction,,
duke-zhou,ritual,applicable,orientation-source-only,not-started,0,not-assessed,claim-extraction,,
fan-zhen,intellectual-development,applicable,orientation-source-only,not-started,0,not-assessed,claim-extraction,,
fan-zhen,metaphysics,applicable,orientation-source-only,not-started,0,not-assessed,claim-extraction,,
fan-zhen,mind,applicable,orientation-source-only,not-started,0,not-assessed,claim-extraction,,
fan-zhen,primary-works,applicable,orientation-source-only,not-started,0,not-assessed,claim-extraction,,
fan-zhen,religion,applicable,orientation-source-only,not-started,0,not-assessed,claim-extraction,,
fang-dongmei,aesthetics,applicable,orientation-source-only,not-started,0,not-assessed,claim-extraction,,
fang-dongmei,culture,applicable,orientation-source-only,not-started,0,not-assessed,claim-extraction,,
fang-dongmei,intellectual-development,applicable,orientation-source-only,not-started,0,not-assessed,claim-extraction,,
fang-dongmei,metaphysics,applicable,orientation-source-only,not-started,0,not-assessed,claim-extraction,,
fang-dongmei,primary-works,applicable,orientation-source-only,not-started,0,not-assessed,claim-extraction,,
fang-yizhi,intellectual-development,applicable,identified,batch-reviewed,0,not-assessed,expand-system-coverage,codex-ultimate-candidate-expansion-2026-07-17,2026-07-17
fang-yizhi,knowledge-method,applicable,identified,batch-reviewed,0,not-assessed,expand-system-coverage,codex-ultimate-candidate-expansion-2026-07-17,2026-07-17
fang-yizhi,nature-technology,applicable,identified,batch-reviewed,0,not-assessed,expand-system-coverage,codex-ultimate-candidate-expansion-2026-07-17,2026-07-17
fang-yizhi,primary-works,applicable,identified,batch-reviewed,0,not-assessed,expand-system-coverage,codex-ultimate-candidate-expansion-2026-07-17,2026-07-17
fang-yizhi,tiandao-metaphysics,applicable,identified,batch-reviewed,0,not-assessed,expand-system-coverage,codex-ultimate-candidate-expansion-2026-07-17,2026-07-17
fazang,intellectual-development,applicable,orientation-source-only,not-started,0,not-assessed,claim-extraction,,
fazang,metaphysics,applicable,orientation-source-only,not-started,0,not-assessed,claim-extraction,,
fazang,primary-works,applicable,orientation-source-only,not-started,0,not-assessed,claim-extraction,,
fazang,religion,applicable,orientation-source-only,not-started,0,not-assessed,claim-extraction,,
feng-guifen,history-culture,applicable,identified,batch-reviewed,0,not-assessed,expand-system-coverage,codex-ultimate-candidate-expansion-2026-07-17,2026-07-17
feng-guifen,intellectual-development,applicable,identified,batch-reviewed,0,not-assessed,expand-system-coverage,codex-ultimate-candidate-expansion-2026-07-17,2026-07-17
feng-guifen,nature-technology,applicable,identified,batch-reviewed,0,not-assessed,expand-system-coverage,codex-ultimate-candidate-expansion-2026-07-17,2026-07-17
feng-guifen,politics-governance,applicable,identified,batch-reviewed,0,not-assessed,expand-system-coverage,codex-ultimate-candidate-expansion-2026-07-17,2026-07-17
feng-guifen,primary-works,applicable,identified,batch-reviewed,0,not-assessed,expand-system-coverage,codex-ultimate-candidate-expansion-2026-07-17,2026-07-17
feng-qi,culture,applicable,orientation-source-only,not-started,0,not-assessed,claim-extraction,,
feng-qi,epistemology,applicable,orientation-source-only,not-started,0,not-assessed,claim-extraction,,
feng-qi,intellectual-development,applicable,orientation-source-only,not-started,0,not-assessed,claim-extraction,,
feng-qi,metaphysics,applicable,orientation-source-only,not-started,0,not-assessed,claim-extraction,,
feng-qi,primary-works,applicable,orientation-source-only,not-started,0,not-assessed,claim-extraction,,
feng-youlan,ethics,applicable,orientation-source-only,not-started,0,not-assessed,claim-extraction,,
feng-youlan,history,applicable,orientation-source-only,not-started,0,not-assessed,claim-extraction,,
feng-youlan,intellectual-development,applicable,orientation-source-only,not-started,0,not-assessed,claim-extraction,,
feng-youlan,metaphysics,applicable,orientation-source-only,not-started,0,not-assessed,claim-extraction,,
feng-youlan,primary-works,applicable,orientation-source-only,not-started,0,not-assessed,claim-extraction,,
fuxi,cosmology,applicable,orientation-source-only,not-started,0,not-assessed,claim-extraction,,
fuxi,intellectual-development,applicable,orientation-source-only,not-started,0,not-assessed,claim-extraction,,
fuxi,political,applicable,orientation-source-only,not-started,0,not-assessed,claim-extraction,,
fuxi,primary-works,applicable,orientation-source-only,not-started,0,not-assessed,claim-extraction,,
gao-panlong,ethics-cultivation,applicable,identified,batch-reviewed,0,not-assessed,expand-system-coverage,codex-ultimate-candidate-expansion-2026-07-17,2026-07-17
gao-panlong,intellectual-development,applicable,identified,batch-reviewed,0,not-assessed,expand-system-coverage,codex-ultimate-candidate-expansion-2026-07-17,2026-07-17
gao-panlong,knowledge-method,applicable,identified,batch-reviewed,0,not-assessed,expand-system-coverage,codex-ultimate-candidate-expansion-2026-07-17,2026-07-17
gao-panlong,primary-works,applicable,identified,batch-reviewed,0,not-assessed,expand-system-coverage,codex-ultimate-candidate-expansion-2026-07-17,2026-07-17
gaozi,ethics,applicable,orientation-source-only,not-started,0,not-assessed,claim-extraction,,
gaozi,intellectual-development,applicable,orientation-source-only,not-started,0,not-assessed,claim-extraction,,
gaozi,mind,applicable,orientation-source-only,not-started,0,not-assessed,claim-extraction,,
gaozi,primary-works,applicable,orientation-source-only,not-started,0,not-assessed,claim-extraction,,
ge-hong,ethics,applicable,orientation-source-only,not-started,0,not-assessed,claim-extraction,,
ge-hong,intellectual-development,applicable,orientation-source-only,not-started,0,not-assessed,claim-extraction,,
ge-hong,metaphysics,applicable,orientation-source-only,not-started,0,not-assessed,claim-extraction,,
ge-hong,primary-works,applicable,orientation-source-only,not-started,0,not-assessed,claim-extraction,,
ge-hong,religion,applicable,orientation-source-only,not-started,0,not-assessed,claim-extraction,,
ge-hong,science,applicable,orientation-source-only,not-started,0,not-assessed,claim-extraction,,
gong-zizhen,ethics,applicable,orientation-source-only,not-started,0,not-assessed,claim-extraction,,
gong-zizhen,history,applicable,orientation-source-only,not-started,0,not-assessed,claim-extraction,,
gong-zizhen,intellectual-development,applicable,orientation-source-only,not-started,0,not-assessed,claim-extraction,,
gong-zizhen,political,applicable,orientation-source-only,not-started,0,not-assessed,claim-extraction,,
gong-zizhen,primary-works,applicable,orientation-source-only,not-started,0,not-assessed,claim-extraction,,
gongsun-long,intellectual-development,applicable,orientation-source-only,not-started,0,not-assessed,claim-extraction,,
gongsun-long,language,applicable,orientation-source-only,not-started,0,not-assessed,claim-extraction,,
gongsun-long,logic,applicable,orientation-source-only,not-started,0,not-assessed,claim-extraction,,
gongsun-long,primary-works,applicable,orientation-source-only,not-started,0,not-assessed,claim-extraction,,
gu-xiancheng,education-hermeneutics,applicable,identified,batch-reviewed,0,not-assessed,expand-system-coverage,codex-ultimate-candidate-expansion-2026-07-17,2026-07-17
gu-xiancheng,ethics-cultivation,applicable,identified,batch-reviewed,0,not-assessed,expand-system-coverage,codex-ultimate-candidate-expansion-2026-07-17,2026-07-17
gu-xiancheng,intellectual-development,applicable,identified,batch-reviewed,0,not-assessed,expand-system-coverage,codex-ultimate-candidate-expansion-2026-07-17,2026-07-17
gu-xiancheng,politics-governance,applicable,identified,batch-reviewed,0,not-assessed,expand-system-coverage,codex-ultimate-candidate-expansion-2026-07-17,2026-07-17
gu-xiancheng,primary-works,applicable,identified,batch-reviewed,0,not-assessed,expand-system-coverage,codex-ultimate-candidate-expansion-2026-07-17,2026-07-17
gu-yanwu,ethics,applicable,orientation-source-only,not-started,0,not-assessed,claim-extraction,,
gu-yanwu,history,applicable,orientation-source-only,not-started,0,not-assessed,claim-extraction,,
gu-yanwu,intellectual-development,applicable,orientation-source-only,not-started,0,not-assessed,claim-extraction,,
gu-yanwu,language,applicable,orientation-source-only,not-started,0,not-assessed,claim-extraction,,
gu-yanwu,political,applicable,orientation-source-only,not-started,0,not-assessed,claim-extraction,,
gu-yanwu,primary-works,applicable,orientation-source-only,not-started,0,not-assessed,claim-extraction,,
guan-zhong,ethics,applicable,orientation-source-only,not-started,0,not-assessed,claim-extraction,,
guan-zhong,intellectual-development,applicable,orientation-source-only,not-started,0,not-assessed,claim-extraction,,
guan-zhong,political,applicable,orientation-source-only,not-started,0,not-assessed,claim-extraction,,
guan-zhong,primary-works,applicable,orientation-source-only,not-started,0,not-assessed,claim-extraction,,
guo-xiang,ethics,applicable,orientation-source-only,not-started,0,not-assessed,claim-extraction,,
guo-xiang,hermeneutics,applicable,orientation-source-only,not-started,0,not-assessed,claim-extraction,,
guo-xiang,intellectual-development,applicable,orientation-source-only,not-started,0,not-assessed,claim-extraction,,
guo-xiang,metaphysics,applicable,orientation-source-only,not-started,0,not-assessed,claim-extraction,,
guo-xiang,primary-works,applicable,orientation-source-only,not-started,0,not-assessed,claim-extraction,,
han-fei,administration,applicable,orientation-source-only,not-started,0,not-assessed,claim-extraction,,
han-fei,intellectual-development,applicable,orientation-source-only,not-started,0,not-assessed,claim-extraction,,
han-fei,law,applicable,orientation-source-only,not-started,0,not-assessed,claim-extraction,,
han-fei,political,applicable,orientation-source-only,not-started,0,not-assessed,claim-extraction,,
han-fei,primary-works,applicable,orientation-source-only,not-started,0,not-assessed,claim-extraction,,
han-yu,culture,applicable,orientation-source-only,not-started,0,not-assessed,claim-extraction,,
han-yu,ethics,applicable,orientation-source-only,not-started,0,not-assessed,claim-extraction,,
han-yu,intellectual-development,applicable,orientation-source-only,not-started,0,not-assessed,claim-extraction,,
han-yu,political,applicable,orientation-source-only,not-started,0,not-assessed,claim-extraction,,
han-yu,primary-works,applicable,orientation-source-only,not-started,0,not-assessed,claim-extraction,,
he-lin,culture,applicable,orientation-source-only,not-started,0,not-assessed,claim-extraction,,
he-lin,ethics,applicable,orientation-source-only,not-started,0,not-assessed,claim-extraction,,
he-lin,intellectual-development,applicable,orientation-source-only,not-started,0,not-assessed,claim-extraction,,
he-lin,metaphysics,applicable,orientation-source-only,not-started,0,not-assessed,claim-extraction,,
he-lin,primary-works,applicable,orientation-source-only,not-started,0,not-assessed,claim-extraction,,
he-yan,ethics,applicable,orientation-source-only,not-started,0,not-assessed,claim-extraction,,
he-yan,intellectual-development,applicable,orientation-source-only,not-started,0,not-assessed,claim-extraction,,
he-yan,metaphysics,applicable,orientation-source-only,not-started,0,not-assessed,claim-extraction,,
he-yan,primary-works,applicable,orientation-source-only,not-started,0,not-assessed,claim-extraction,,
he-zhen,ethics,applicable,orientation-source-only,not-started,0,not-assessed,claim-extraction,,
he-zhen,gender,applicable,orientation-source-only,not-started,0,not-assessed,claim-extraction,,
he-zhen,intellectual-development,applicable,orientation-source-only,not-started,0,not-assessed,claim-extraction,,
he-zhen,political,applicable,orientation-source-only,not-started,0,not-assessed,claim-extraction,,
he-zhen,primary-works,applicable,orientation-source-only,not-started,0,not-assessed,claim-extraction,,
hu-hong,ethics,applicable,orientation-source-only,not-started,0,not-assessed,claim-extraction,,
hu-hong,intellectual-development,applicable,orientation-source-only,not-started,0,not-assessed,claim-extraction,,
hu-hong,metaphysics,applicable,orientation-source-only,not-started,0,not-assessed,claim-extraction,,
hu-hong,mind,applicable,orientation-source-only,not-started,0,not-assessed,claim-extraction,,
hu-hong,primary-works,applicable,orientation-source-only,not-started,0,not-assessed,claim-extraction,,
hu-shi,epistemology,applicable,orientation-source-only,not-started,0,not-assessed,claim-extraction,,
hu-shi,history,applicable,orientation-source-only,not-started,0,not-assessed,claim-extraction,,
hu-shi,intellectual-development,applicable,orientation-source-only,not-started,0,not-assessed,claim-extraction,,
hu-shi,logic,applicable,orientation-source-only,not-started,0,not-assessed,claim-extraction,,
hu-shi,primary-works,applicable,orientation-source-only,not-started,0,not-assessed,claim-extraction,,
huan-tan,epistemology,applicable,orientation-source-only,not-started,0,not-assessed,claim-extraction,,
huan-tan,intellectual-development,applicable,orientation-source-only,not-started,0,not-assessed,claim-extraction,,
huan-tan,metaphysics,applicable,orientation-source-only,not-started,0,not-assessed,claim-extraction,,
huan-tan,primary-works,applicable,orientation-source-only,not-started,0,not-assessed,claim-extraction,,
huang-yong,ethics,applicable,orientation-source-only,not-started,0,not-assessed,claim-extraction,,
huang-yong,intellectual-development,applicable,orientation-source-only,not-started,0,not-assessed,claim-extraction,,
huang-yong,political,applicable,orientation-source-only,not-started,0,not-assessed,claim-extraction,,
huang-yong,primary-works,applicable,orientation-source-only,not-started,0,not-assessed,claim-extraction,,
huang-yong,religion,applicable,orientation-source-only,not-started,0,not-assessed,claim-extraction,,
huang-zongxi,ethics,applicable,orientation-source-only,not-started,0,not-assessed,claim-extraction,,
huang-zongxi,history,applicable,orientation-source-only,not-started,0,not-assessed,claim-extraction,,
huang-zongxi,intellectual-development,applicable,orientation-source-only,not-started,0,not-assessed,claim-extraction,,
huang-zongxi,political,applicable,orientation-source-only,not-started,0,not-assessed,claim-extraction,,
huang-zongxi,primary-works,applicable,orientation-source-only,not-started,0,not-assessed,claim-extraction,,
huangbo-xiyun,intellectual-development,applicable,orientation-source-only,not-started,0,not-assessed,claim-extraction,,
huangbo-xiyun,mind,applicable,orientation-source-only,not-started,0,not-assessed,claim-extraction,,
huangbo-xiyun,primary-works,applicable,orientation-source-only,not-started,0,not-assessed,claim-extraction,,
huangbo-xiyun,religion,applicable,orientation-source-only,not-started,0,not-assessed,claim-extraction,,
huangbo-xiyun,self-cultivation,applicable,orientation-source-only,not-started,0,not-assessed,claim-extraction,,
huangdi,cosmology,applicable,orientation-source-only,not-started,0,not-assessed,claim-extraction,,
huangdi,intellectual-development,applicable,orientation-source-only,not-started,0,not-assessed,claim-extraction,,
huangdi,political,applicable,orientation-source-only,not-started,0,not-assessed,claim-extraction,,
huangdi,primary-works,applicable,orientation-source-only,not-started,0,not-assessed,claim-extraction,,
hui-shi,intellectual-development,applicable,orientation-source-only,not-started,0,not-assessed,claim-extraction,,
hui-shi,language,applicable,orientation-source-only,not-started,0,not-assessed,claim-extraction,,
hui-shi,logic,applicable,orientation-source-only,not-started,0,not-assessed,claim-extraction,,
hui-shi,metaphysics,applicable,orientation-source-only,not-started,0,not-assessed,claim-extraction,,
hui-shi,primary-works,applicable,orientation-source-only,not-started,0,not-assessed,claim-extraction,,
huineng,intellectual-development,applicable,orientation-source-only,not-started,0,not-assessed,claim-extraction,,
huineng,mind,applicable,orientation-source-only,not-started,0,not-assessed,claim-extraction,,
huineng,primary-works,applicable,orientation-source-only,not-started,0,not-assessed,claim-extraction,,
huineng,religion,applicable,orientation-source-only,not-started,0,not-assessed,claim-extraction,,
huineng,self-cultivation,applicable,orientation-source-only,not-started,0,not-assessed,claim-extraction,,
huiyuan,ethics,applicable,orientation-source-only,not-started,0,not-assessed,claim-extraction,,
huiyuan,intellectual-development,applicable,orientation-source-only,not-started,0,not-assessed,claim-extraction,,
huiyuan,metaphysics,applicable,orientation-source-only,not-started,0,not-assessed,claim-extraction,,
huiyuan,primary-works,applicable,orientation-source-only,not-started,0,not-assessed,claim-extraction,,
huiyuan,religion,applicable,orientation-source-only,not-started,0,not-assessed,claim-extraction,,
ji-kang,ethics,applicable,orientation-source-only,not-started,0,not-assessed,claim-extraction,,
ji-kang,intellectual-development,applicable,orientation-source-only,not-started,0,not-assessed,claim-extraction,,
ji-kang,music,applicable,orientation-source-only,not-started,0,not-assessed,claim-extraction,,
ji-kang,primary-works,applicable,orientation-source-only,not-started,0,not-assessed,claim-extraction,,
ji-kang,self-cultivation,applicable,orientation-source-only,not-started,0,not-assessed,claim-extraction,,
jiang-qing,ethics,applicable,orientation-source-only,not-started,0,not-assessed,claim-extraction,,
jiang-qing,intellectual-development,applicable,orientation-source-only,not-started,0,not-assessed,claim-extraction,,
jiang-qing,political,applicable,orientation-source-only,not-started,0,not-assessed,claim-extraction,,
jiang-qing,primary-works,applicable,orientation-source-only,not-started,0,not-assessed,claim-extraction,,
jiao-xun,ethics,applicable,orientation-source-only,not-started,0,not-assessed,claim-extraction,,
jiao-xun,hermeneutics,applicable,orientation-source-only,not-started,0,not-assessed,claim-extraction,,
jiao-xun,intellectual-development,applicable,orientation-source-only,not-started,0,not-assessed,claim-extraction,,
jiao-xun,logic,applicable,orientation-source-only,not-started,0,not-assessed,claim-extraction,,
jiao-xun,primary-works,applicable,orientation-source-only,not-started,0,not-assessed,claim-extraction,,
jin-yuelin,epistemology,applicable,orientation-source-only,not-started,0,not-assessed,claim-extraction,,
jin-yuelin,intellectual-development,applicable,orientation-source-only,not-started,0,not-assessed,claim-extraction,,
jin-yuelin,logic,applicable,orientation-source-only,not-started,0,not-assessed,claim-extraction,,
jin-yuelin,metaphysics,applicable,orientation-source-only,not-started,0,not-assessed,claim-extraction,,
jin-yuelin,primary-works,applicable,orientation-source-only,not-started,0,not-assessed,claim-extraction,,
jizang,intellectual-development,applicable,orientation-source-only,not-started,0,not-assessed,claim-extraction,,
jizang,language,applicable,orientation-source-only,not-started,0,not-assessed,claim-extraction,,
jizang,metaphysics,applicable,orientation-source-only,not-started,0,not-assessed,claim-extraction,,
jizang,primary-works,applicable,orientation-source-only,not-started,0,not-assessed,claim-extraction,,
jizang,religion,applicable,orientation-source-only,not-started,0,not-assessed,claim-extraction,,
kang-youwei,ethics,applicable,orientation-source-only,not-started,0,not-assessed,claim-extraction,,
kang-youwei,intellectual-development,applicable,orientation-source-only,not-started,0,not-assessed,claim-extraction,,
kang-youwei,political,applicable,orientation-source-only,not-started,0,not-assessed,claim-extraction,,
kang-youwei,primary-works,applicable,orientation-source-only,not-started,0,not-assessed,claim-extraction,,
kang-youwei,utopianism,applicable,orientation-source-only,not-started,0,not-assessed,claim-extraction,,
king-wen-zhou,cosmology,applicable,orientation-source-only,not-started,0,not-assessed,claim-extraction,,
king-wen-zhou,intellectual-development,applicable,orientation-source-only,not-started,0,not-assessed,claim-extraction,,
king-wen-zhou,political,applicable,orientation-source-only,not-started,0,not-assessed,claim-extraction,,
king-wen-zhou,primary-works,applicable,orientation-source-only,not-started,0,not-assessed,claim-extraction,,
kuiji,consciousness,applicable,orientation-source-only,not-started,0,not-assessed,claim-extraction,,
kuiji,intellectual-development,applicable,orientation-source-only,not-started,0,not-assessed,claim-extraction,,
kuiji,logic,applicable,orientation-source-only,not-started,0,not-assessed,claim-extraction,,
kuiji,primary-works,applicable,orientation-source-only,not-started,0,not-assessed,claim-extraction,,
kuiji,religion,applicable,orientation-source-only,not-started,0,not-assessed,claim-extraction,,
lao-sze-kwang,ethics,applicable,orientation-source-only,not-started,0,not-assessed,claim-extraction,,
lao-sze-kwang,history,applicable,orientation-source-only,not-started,0,not-assessed,claim-extraction,,
lao-sze-kwang,intellectual-development,applicable,orientation-source-only,not-started,0,not-assessed,claim-extraction,,
lao-sze-kwang,political,applicable,orientation-source-only,not-started,0,not-assessed,claim-extraction,,
lao-sze-kwang,primary-works,applicable,orientation-source-only,not-started,0,not-assessed,claim-extraction,,
laozi,ethics,applicable,orientation-source-only,not-started,0,not-assessed,claim-extraction,,
laozi,intellectual-development,applicable,orientation-source-only,not-started,0,not-assessed,claim-extraction,,
laozi,metaphysics,applicable,orientation-source-only,partial,3,not-assessed,coverage-expansion,,
laozi,political,applicable,orientation-source-only,partial,1,not-assessed,coverage-expansion,,
laozi,primary-works,applicable,orientation-source-only,not-started,0,not-assessed,claim-extraction,,
li-ao,ethics,applicable,orientation-source-only,not-started,0,not-assessed,claim-extraction,,
li-ao,intellectual-development,applicable,orientation-source-only,not-started,0,not-assessed,claim-extraction,,
li-ao,mind,applicable,orientation-source-only,not-started,0,not-assessed,claim-extraction,,
li-ao,primary-works,applicable,orientation-source-only,not-started,0,not-assessed,claim-extraction,,
li-ao,self-cultivation,applicable,orientation-source-only,not-started,0,not-assessed,claim-extraction,,
li-chenyang,ethics,applicable,orientation-source-only,not-started,0,not-assessed,claim-extraction,,
li-chenyang,intellectual-development,applicable,orientation-source-only,not-started,0,not-assessed,claim-extraction,,
li-chenyang,metaphysics,applicable,orientation-source-only,not-started,0,not-assessed,claim-extraction,,
li-chenyang,political,applicable,orientation-source-only,not-started,0,not-assessed,claim-extraction,,
li-chenyang,primary-works,applicable,orientation-source-only,not-started,0,not-assessed,claim-extraction,,
li-da,dialectics,applicable,orientation-source-only,not-started,0,not-assessed,claim-extraction,,
li-da,epistemology,applicable,orientation-source-only,not-started,0,not-assessed,claim-extraction,,
li-da,intellectual-development,applicable,orientation-source-only,not-started,0,not-assessed,claim-extraction,,
li-da,political,applicable,orientation-source-only,not-started,0,not-assessed,claim-extraction,,
li-da,primary-works,applicable,orientation-source-only,not-started,0,not-assessed,claim-extraction,,
li-gong,education,applicable,orientation-source-only,not-started,0,not-assessed,claim-extraction,,
li-gong,ethics,applicable,orientation-source-only,not-started,0,not-assessed,claim-extraction,,
li-gong,intellectual-development,applicable,orientation-source-only,not-started,0,not-assessed,claim-extraction,,
li-gong,political,applicable,orientation-source-only,not-started,0,not-assessed,claim-extraction,,
li-gong,primary-works,applicable,orientation-source-only,not-started,0,not-assessed,claim-extraction,,
li-si,intellectual-development,applicable,orientation-source-only,not-started,0,not-assessed,claim-extraction,,
li-si,law,applicable,orientation-source-only,not-started,0,not-assessed,claim-extraction,,
li-si,political,applicable,orientation-source-only,not-started,0,not-assessed,claim-extraction,,
li-si,primary-works,applicable,orientation-source-only,not-started,0,not-assessed,claim-extraction,,
li-zehou,aesthetics,applicable,orientation-source-only,not-started,0,not-assessed,claim-extraction,,
li-zehou,ethics,applicable,orientation-source-only,not-started,0,not-assessed,claim-extraction,,
li-zehou,history,applicable,orientation-source-only,not-started,0,not-assessed,claim-extraction,,
li-zehou,intellectual-development,applicable,orientation-source-only,not-started,0,not-assessed,claim-extraction,,
li-zehou,primary-works,applicable,orientation-source-only,not-started,0,not-assessed,claim-extraction,,
li-zhi,ethics,applicable,orientation-source-only,not-started,0,not-assessed,claim-extraction,,
li-zhi,intellectual-development,applicable,orientation-source-only,not-started,0,not-assessed,claim-extraction,,
li-zhi,mind,applicable,orientation-source-only,not-started,0,not-assessed,claim-extraction,,
li-zhi,political,applicable,orientation-source-only,not-started,0,not-assessed,claim-extraction,,
li-zhi,primary-works,applicable,orientation-source-only,not-started,0,not-assessed,claim-extraction,,
liang-qichao,ethics,applicable,orientation-source-only,not-started,0,not-assessed,claim-extraction,,
liang-qichao,history,applicable,orientation-source-only,not-started,0,not-assessed,claim-extraction,,
liang-qichao,intellectual-development,applicable,orientation-source-only,not-started,0,not-assessed,claim-extraction,,
liang-qichao,political,applicable,orientation-source-only,not-started,0,not-assessed,claim-extraction,,
liang-qichao,primary-works,applicable,orientation-source-only,not-started,0,not-assessed,claim-extraction,,
liang-shuming,culture,applicable,orientation-source-only,not-started,0,not-assessed,claim-extraction,,
liang-shuming,ethics,applicable,orientation-source-only,not-started,0,not-assessed,claim-extraction,,
liang-shuming,intellectual-development,applicable,orientation-source-only,not-started,0,not-assessed,claim-extraction,,
liang-shuming,metaphysics,applicable,orientation-source-only,not-started,0,not-assessed,claim-extraction,,
liang-shuming,primary-works,applicable,orientation-source-only,not-started,0,not-assessed,claim-extraction,,
liezi,ethics,applicable,orientation-source-only,not-started,0,not-assessed,claim-extraction,,
liezi,intellectual-development,applicable,orientation-source-only,not-started,0,not-assessed,claim-extraction,,
liezi,metaphysics,applicable,orientation-source-only,not-started,0,not-assessed,claim-extraction,,
liezi,primary-works,applicable,orientation-source-only,not-started,0,not-assessed,claim-extraction,,
linji-yixuan,intellectual-development,applicable,orientation-source-only,not-started,0,not-assessed,claim-extraction,,
linji-yixuan,language,applicable,orientation-source-only,not-started,0,not-assessed,claim-extraction,,
linji-yixuan,mind,applicable,orientation-source-only,not-started,0,not-assessed,claim-extraction,,
linji-yixuan,primary-works,applicable,orientation-source-only,not-started,0,not-assessed,claim-extraction,,
linji-yixuan,self-cultivation,applicable,orientation-source-only,not-started,0,not-assessed,claim-extraction,,
liu-an,cosmology,applicable,orientation-source-only,not-started,0,not-assessed,claim-extraction,,
liu-an,intellectual-development,applicable,orientation-source-only,not-started,0,not-assessed,claim-extraction,,
liu-an,metaphysics,applicable,orientation-source-only,not-started,0,not-assessed,claim-extraction,,
liu-an,political,applicable,orientation-source-only,not-started,0,not-assessed,claim-extraction,,
liu-an,primary-works,applicable,orientation-source-only,not-started,0,not-assessed,claim-extraction,,
liu-zhi,ethics,applicable,orientation-source-only,not-started,0,not-assessed,claim-extraction,,
liu-zhi,intellectual-development,applicable,orientation-source-only,not-started,0,not-assessed,claim-extraction,,
liu-zhi,metaphysics,applicable,orientation-source-only,not-started,0,not-assessed,claim-extraction,,
liu-zhi,primary-works,applicable,orientation-source-only,not-started,0,not-assessed,claim-extraction,,
liu-zhi,religion,applicable,orientation-source-only,not-started,0,not-assessed,claim-extraction,,
liu-zongyuan,ethics,applicable,orientation-source-only,not-started,0,not-assessed,claim-extraction,,
liu-zongyuan,intellectual-development,applicable,orientation-source-only,not-started,0,not-assessed,claim-extraction,,
liu-zongyuan,metaphysics,applicable,orientation-source-only,not-started,0,not-assessed,claim-extraction,,
liu-zongyuan,political,applicable,orientation-source-only,not-started,0,not-assessed,claim-extraction,,
liu-zongyuan,primary-works,applicable,orientation-source-only,not-started,0,not-assessed,claim-extraction,,
liu-zongzhou,ethics,applicable,orientation-source-only,not-started,0,not-assessed,claim-extraction,,
liu-zongzhou,intellectual-development,applicable,orientation-source-only,not-started,0,not-assessed,claim-extraction,,
liu-zongzhou,mind,applicable,orientation-source-only,not-started,0,not-assessed,claim-extraction,,
liu-zongzhou,primary-works,applicable,orientation-source-only,not-started,0,not-assessed,claim-extraction,,
liu-zongzhou,self-cultivation,applicable,orientation-source-only,not-started,0,not-assessed,claim-extraction,,
lu-buwei,cosmology,applicable,orientation-source-only,not-started,0,not-assessed,claim-extraction,,
lu-buwei,ethics,applicable,orientation-source-only,not-started,0,not-assessed,claim-extraction,,
lu-buwei,intellectual-development,applicable,orientation-source-only,not-started,0,not-assessed,claim-extraction,,
lu-buwei,political,applicable,orientation-source-only,not-started,0,not-assessed,claim-extraction,,
lu-buwei,primary-works,applicable,orientation-source-only,not-started,0,not-assessed,claim-extraction,,
lu-jiuyuan,ethics,applicable,orientation-source-only,not-started,0,not-assessed,claim-extraction,,
lu-jiuyuan,intellectual-development,applicable,orientation-source-only,not-started,0,not-assessed,claim-extraction,,
lu-jiuyuan,metaphysics,applicable,orientation-source-only,not-started,0,not-assessed,claim-extraction,,
lu-jiuyuan,mind,applicable,orientation-source-only,not-started,0,not-assessed,claim-extraction,,
lu-jiuyuan,primary-works,applicable,orientation-source-only,not-started,0,not-assessed,claim-extraction,,
lu-sheng,intellectual-development,applicable,identified,batch-reviewed,0,not-assessed,expand-system-coverage,codex-ultimate-candidate-expansion-2026-07-17,2026-07-17
lu-sheng,knowledge-method,applicable,identified,batch-reviewed,0,not-assessed,expand-system-coverage,codex-ultimate-candidate-expansion-2026-07-17,2026-07-17
lu-sheng,names-language,applicable,identified,batch-reviewed,0,not-assessed,expand-system-coverage,codex-ultimate-candidate-expansion-2026-07-17,2026-07-17
lu-sheng,primary-works,applicable,identified,batch-reviewed,0,not-assessed,expand-system-coverage,codex-ultimate-candidate-expansion-2026-07-17,2026-07-17
lu-xun,aesthetics-art,applicable,identified,batch-reviewed,0,not-assessed,expand-system-coverage,codex-ultimate-candidate-expansion-2026-07-17,2026-07-17
lu-xun,history-culture,applicable,identified,batch-reviewed,0,not-assessed,expand-system-coverage,codex-ultimate-candidate-expansion-2026-07-17,2026-07-17
lu-xun,intellectual-development,applicable,identified,batch-reviewed,0,not-assessed,expand-system-coverage,codex-ultimate-candidate-expansion-2026-07-17,2026-07-17
lu-xun,knowledge-method,applicable,identified,batch-reviewed,0,not-assessed,expand-system-coverage,codex-ultimate-candidate-expansion-2026-07-17,2026-07-17
lu-xun,primary-works,applicable,identified,batch-reviewed,0,not-assessed,expand-system-coverage,codex-ultimate-candidate-expansion-2026-07-17,2026-07-17
luo-qinshun,intellectual-development,applicable,identified,batch-reviewed,0,not-assessed,expand-system-coverage,codex-ultimate-candidate-expansion-2026-07-17,2026-07-17
luo-qinshun,knowledge-method,applicable,identified,batch-reviewed,0,not-assessed,expand-system-coverage,codex-ultimate-candidate-expansion-2026-07-17,2026-07-17
luo-qinshun,primary-works,applicable,identified,batch-reviewed,0,not-assessed,expand-system-coverage,codex-ultimate-candidate-expansion-2026-07-17,2026-07-17
luo-qinshun,tiandao-metaphysics,applicable,identified,batch-reviewed,0,not-assessed,expand-system-coverage,codex-ultimate-candidate-expansion-2026-07-17,2026-07-17
luo-rufang,ethics,applicable,orientation-source-only,not-started,0,not-assessed,claim-extraction,,
luo-rufang,intellectual-development,applicable,orientation-source-only,not-started,0,not-assessed,claim-extraction,,
luo-rufang,mind,applicable,orientation-source-only,not-started,0,not-assessed,claim-extraction,,
luo-rufang,primary-works,applicable,orientation-source-only,not-started,0,not-assessed,claim-extraction,,
luo-rufang,self-cultivation,applicable,orientation-source-only,not-started,0,not-assessed,claim-extraction,,
lv-cai,intellectual-development,applicable,identified,batch-reviewed,0,not-assessed,expand-system-coverage,codex-ultimate-candidate-expansion-2026-07-17,2026-07-17
lv-cai,knowledge-method,applicable,identified,batch-reviewed,0,not-assessed,expand-system-coverage,codex-ultimate-candidate-expansion-2026-07-17,2026-07-17
lv-cai,nature-technology,applicable,identified,batch-reviewed,0,not-assessed,expand-system-coverage,codex-ultimate-candidate-expansion-2026-07-17,2026-07-17
lv-cai,primary-works,applicable,identified,batch-reviewed,0,not-assessed,expand-system-coverage,codex-ultimate-candidate-expansion-2026-07-17,2026-07-17
lv-kun,ethics-cultivation,applicable,identified,batch-reviewed,0,not-assessed,expand-system-coverage,codex-ultimate-candidate-expansion-2026-07-17,2026-07-17
lv-kun,intellectual-development,applicable,identified,batch-reviewed,0,not-assessed,expand-system-coverage,codex-ultimate-candidate-expansion-2026-07-17,2026-07-17
lv-kun,primary-works,applicable,identified,batch-reviewed,0,not-assessed,expand-system-coverage,codex-ultimate-candidate-expansion-2026-07-17,2026-07-17
lv-kun,tiandao-metaphysics,applicable,identified,batch-reviewed,0,not-assessed,expand-system-coverage,codex-ultimate-candidate-expansion-2026-07-17,2026-07-17
lv-zuqian,education,applicable,orientation-source-only,not-started,0,not-assessed,claim-extraction,,
lv-zuqian,ethics,applicable,orientation-source-only,not-started,0,not-assessed,claim-extraction,,
lv-zuqian,history,applicable,orientation-source-only,not-started,0,not-assessed,claim-extraction,,
lv-zuqian,intellectual-development,applicable,orientation-source-only,not-started,0,not-assessed,claim-extraction,,
lv-zuqian,primary-works,applicable,orientation-source-only,not-started,0,not-assessed,claim-extraction,,
ma-yifu,education,applicable,orientation-source-only,not-started,0,not-assessed,claim-extraction,,
ma-yifu,ethics,applicable,orientation-source-only,not-started,0,not-assessed,claim-extraction,,
ma-yifu,intellectual-development,applicable,orientation-source-only,not-started,0,not-assessed,claim-extraction,,
ma-yifu,metaphysics,applicable,orientation-source-only,not-started,0,not-assessed,claim-extraction,,
ma-yifu,primary-works,applicable,orientation-source-only,not-started,0,not-assessed,claim-extraction,,
ma-zhu,ethics,applicable,orientation-source-only,not-started,0,not-assessed,claim-extraction,,
ma-zhu,intellectual-development,applicable,orientation-source-only,not-started,0,not-assessed,claim-extraction,,
ma-zhu,metaphysics,applicable,orientation-source-only,not-started,0,not-assessed,claim-extraction,,
ma-zhu,primary-works,applicable,orientation-source-only,not-started,0,not-assessed,claim-extraction,,
ma-zhu,religion,applicable,orientation-source-only,not-started,0,not-assessed,claim-extraction,,
mao-zedong,dialectics,applicable,orientation-source-only,not-started,0,not-assessed,claim-extraction,,
mao-zedong,epistemology,applicable,orientation-source-only,not-started,0,not-assessed,claim-extraction,,
mao-zedong,intellectual-development,applicable,orientation-source-only,not-started,0,not-assessed,claim-extraction,,
mao-zedong,political,applicable,orientation-source-only,not-started,0,not-assessed,claim-extraction,,
mao-zedong,primary-works,applicable,orientation-source-only,not-started,0,not-assessed,claim-extraction,,
mazu-daoyi,intellectual-development,applicable,orientation-source-only,not-started,0,not-assessed,claim-extraction,,
mazu-daoyi,mind,applicable,orientation-source-only,not-started,0,not-assessed,claim-extraction,,
mazu-daoyi,primary-works,applicable,orientation-source-only,not-started,0,not-assessed,claim-extraction,,
mazu-daoyi,religion,applicable,orientation-source-only,not-started,0,not-assessed,claim-extraction,,
mazu-daoyi,self-cultivation,applicable,orientation-source-only,not-started,0,not-assessed,claim-extraction,,
mencius,ethics,applicable,orientation-source-only,partial,3,not-assessed,coverage-expansion,,
mencius,intellectual-development,applicable,orientation-source-only,not-started,0,not-assessed,claim-extraction,,
mencius,mind,applicable,orientation-source-only,partial,2,not-assessed,coverage-expansion,,
mencius,political,applicable,orientation-source-only,partial,1,not-assessed,coverage-expansion,,
mencius,primary-works,applicable,orientation-source-only,not-started,0,not-assessed,claim-extraction,,
mou-zongsan,ethics,applicable,orientation-source-only,not-started,0,not-assessed,claim-extraction,,
mou-zongsan,intellectual-development,applicable,orientation-source-only,not-started,0,not-assessed,claim-extraction,,
mou-zongsan,metaphysics,applicable,orientation-source-only,not-started,0,not-assessed,claim-extraction,,
mou-zongsan,mind,applicable,orientation-source-only,not-started,0,not-assessed,claim-extraction,,
mou-zongsan,political,applicable,orientation-source-only,not-started,0,not-assessed,claim-extraction,,
mou-zongsan,primary-works,applicable,orientation-source-only,not-started,0,not-assessed,claim-extraction,,
mozi,ethics,applicable,orientation-source-only,partial,2,not-assessed,coverage-expansion,,
mozi,intellectual-development,applicable,orientation-source-only,not-started,0,not-assessed,claim-extraction,,
mozi,logic,applicable,orientation-source-only,not-started,0,not-assessed,claim-extraction,,
mozi,political,applicable,orientation-source-only,partial,3,not-assessed,coverage-expansion,,
mozi,primary-works,applicable,orientation-source-only,not-started,0,not-assessed,claim-extraction,,
mozi,religion,applicable,orientation-source-only,not-started,0,not-assessed,claim-extraction,,
pei-wei,intellectual-development,applicable,orientation-source-only,not-started,0,not-assessed,claim-extraction,,
pei-wei,metaphysics,applicable,orientation-source-only,not-started,0,not-assessed,claim-extraction,,
pei-wei,political,applicable,orientation-source-only,not-started,0,not-assessed,claim-extraction,,
pei-wei,primary-works,applicable,orientation-source-only,not-started,0,not-assessed,claim-extraction,,
qian-dehong,ethics,applicable,orientation-source-only,not-started,0,not-assessed,claim-extraction,,
qian-dehong,intellectual-development,applicable,orientation-source-only,not-started,0,not-assessed,claim-extraction,,
qian-dehong,mind,applicable,orientation-source-only,not-started,0,not-assessed,claim-extraction,,
qian-dehong,primary-works,applicable,orientation-source-only,not-started,0,not-assessed,claim-extraction,,
qian-dehong,self-cultivation,applicable,orientation-source-only,not-started,0,not-assessed,claim-extraction,,
qian-mu,culture,applicable,orientation-source-only,not-started,0,not-assessed,claim-extraction,,
qian-mu,history,applicable,orientation-source-only,not-started,0,not-assessed,claim-extraction,,
qian-mu,intellectual-development,applicable,orientation-source-only,not-started,0,not-assessed,claim-extraction,,
qian-mu,political,applicable,orientation-source-only,not-started,0,not-assessed,claim-extraction,,
qian-mu,primary-works,applicable,orientation-source-only,not-started,0,not-assessed,claim-extraction,,
robin-wang,ethics,applicable,orientation-source-only,not-started,0,not-assessed,claim-extraction,,
robin-wang,gender,applicable,orientation-source-only,not-started,0,not-assessed,claim-extraction,,
robin-wang,intellectual-development,applicable,orientation-source-only,not-started,0,not-assessed,claim-extraction,,
robin-wang,metaphysics,applicable,orientation-source-only,not-started,0,not-assessed,claim-extraction,,
robin-wang,primary-works,applicable,orientation-source-only,not-started,0,not-assessed,claim-extraction,,
ruan-ji,ethics,applicable,orientation-source-only,not-started,0,not-assessed,claim-extraction,,
ruan-ji,intellectual-development,applicable,orientation-source-only,not-started,0,not-assessed,claim-extraction,,
ruan-ji,political,applicable,orientation-source-only,not-started,0,not-assessed,claim-extraction,,
ruan-ji,primary-works,applicable,orientation-source-only,not-started,0,not-assessed,claim-extraction,,
ruan-ji,self-cultivation,applicable,orientation-source-only,not-started,0,not-assessed,claim-extraction,,
ruan-yuan,education,applicable,orientation-source-only,not-started,0,not-assessed,claim-extraction,,
ruan-yuan,ethics,applicable,orientation-source-only,not-started,0,not-assessed,claim-extraction,,
ruan-yuan,intellectual-development,applicable,orientation-source-only,not-started,0,not-assessed,claim-extraction,,
ruan-yuan,language,applicable,orientation-source-only,not-started,0,not-assessed,claim-extraction,,
ruan-yuan,primary-works,applicable,orientation-source-only,not-started,0,not-assessed,claim-extraction,,
sengzhao,epistemology,applicable,orientation-source-only,not-started,0,not-assessed,claim-extraction,,
sengzhao,intellectual-development,applicable,orientation-source-only,not-started,0,not-assessed,claim-extraction,,
sengzhao,language,applicable,orientation-source-only,not-started,0,not-assessed,claim-extraction,,
sengzhao,metaphysics,applicable,orientation-source-only,not-started,0,not-assessed,claim-extraction,,
sengzhao,primary-works,applicable,orientation-source-only,not-started,0,not-assessed,claim-extraction,,
shang-yang,intellectual-development,applicable,orientation-source-only,not-started,0,not-assessed,claim-extraction,,
shang-yang,law,applicable,orientation-source-only,not-started,0,not-assessed,claim-extraction,,
shang-yang,political,applicable,orientation-source-only,not-started,0,not-assessed,claim-extraction,,
shang-yang,primary-works,applicable,orientation-source-only,not-started,0,not-assessed,claim-extraction,,
shao-yong,cosmology,applicable,orientation-source-only,not-started,0,not-assessed,claim-extraction,,
shao-yong,history,applicable,orientation-source-only,not-started,0,not-assessed,claim-extraction,,
shao-yong,intellectual-development,applicable,orientation-source-only,not-started,0,not-assessed,claim-extraction,,
shao-yong,metaphysics,applicable,orientation-source-only,not-started,0,not-assessed,claim-extraction,,
shao-yong,primary-works,applicable,orientation-source-only,not-started,0,not-assessed,claim-extraction,,
shen-buhai,administration,applicable,orientation-source-only,not-started,0,not-assessed,claim-extraction,,
shen-buhai,intellectual-development,applicable,orientation-source-only,not-started,0,not-assessed,claim-extraction,,
shen-buhai,political,applicable,orientation-source-only,not-started,0,not-assessed,claim-extraction,,
shen-buhai,primary-works,applicable,orientation-source-only,not-started,0,not-assessed,claim-extraction,,
shen-dao,intellectual-development,applicable,orientation-source-only,not-started,0,not-assessed,claim-extraction,,
shen-dao,metaphysics,applicable,orientation-source-only,not-started,0,not-assessed,claim-extraction,,
shen-dao,political,applicable,orientation-source-only,not-started,0,not-assessed,claim-extraction,,
shen-dao,primary-works,applicable,orientation-source-only,not-started,0,not-assessed,claim-extraction,,
shenhui,intellectual-development,applicable,orientation-source-only,not-started,0,not-assessed,claim-extraction,,
shenhui,mind,applicable,orientation-source-only,not-started,0,not-assessed,claim-extraction,,
shenhui,primary-works,applicable,orientation-source-only,not-started,0,not-assessed,claim-extraction,,
shenhui,religion,applicable,orientation-source-only,not-started,0,not-assessed,claim-extraction,,
shenhui,self-cultivation,applicable,orientation-source-only,not-started,0,not-assessed,claim-extraction,,
shennong,ethics,applicable,orientation-source-only,not-started,0,not-assessed,claim-extraction,,
shennong,intellectual-development,applicable,orientation-source-only,not-started,0,not-assessed,claim-extraction,,
shennong,political,applicable,orientation-source-only,not-started,0,not-assessed,claim-extraction,,
shennong,primary-works,applicable,orientation-source-only,not-started,0,not-assessed,claim-extraction,,
shenxiu,intellectual-development,applicable,orientation-source-only,not-started,0,not-assessed,claim-extraction,,
shenxiu,mind,applicable,orientation-source-only,not-started,0,not-assessed,claim-extraction,,
shenxiu,primary-works,applicable,orientation-source-only,not-started,0,not-assessed,claim-extraction,,
shenxiu,religion,applicable,orientation-source-only,not-started,0,not-assessed,claim-extraction,,
shenxiu,self-cultivation,applicable,orientation-source-only,not-started,0,not-assessed,claim-extraction,,
shun,ethics,applicable,orientation-source-only,not-started,0,not-assessed,claim-extraction,,
shun,intellectual-development,applicable,orientation-source-only,not-started,0,not-assessed,claim-extraction,,
shun,political,applicable,orientation-source-only,not-started,0,not-assessed,claim-extraction,,
shun,primary-works,applicable,orientation-source-only,not-started,0,not-assessed,claim-extraction,,
sima-qian,ethics,applicable,orientation-source-only,not-started,0,not-assessed,claim-extraction,,
sima-qian,history,applicable,orientation-source-only,not-started,0,not-assessed,claim-extraction,,
sima-qian,intellectual-development,applicable,orientation-source-only,not-started,0,not-assessed,claim-extraction,,
sima-qian,political,applicable,orientation-source-only,not-started,0,not-assessed,claim-extraction,,
sima-qian,primary-works,applicable,orientation-source-only,not-started,0,not-assessed,claim-extraction,,
sima-tan,historiography,applicable,orientation-source-only,not-started,0,not-assessed,claim-extraction,,
sima-tan,intellectual-development,applicable,orientation-source-only,not-started,0,not-assessed,claim-extraction,,
sima-tan,metaphysics,applicable,orientation-source-only,not-started,0,not-assessed,claim-extraction,,
sima-tan,primary-works,applicable,orientation-source-only,not-started,0,not-assessed,claim-extraction,,
su-shi,aesthetics,applicable,orientation-source-only,not-started,0,not-assessed,claim-extraction,,
su-shi,ethics,applicable,orientation-source-only,not-started,0,not-assessed,claim-extraction,,
su-shi,intellectual-development,applicable,orientation-source-only,not-started,0,not-assessed,claim-extraction,,
su-shi,metaphysics,applicable,orientation-source-only,not-started,0,not-assessed,claim-extraction,,
su-shi,primary-works,applicable,orientation-source-only,not-started,0,not-assessed,claim-extraction,,
sun-bin,intellectual-development,applicable,orientation-source-only,not-started,0,not-assessed,claim-extraction,,
sun-bin,political,applicable,orientation-source-only,not-started,0,not-assessed,claim-extraction,,
sun-bin,primary-works,applicable,orientation-source-only,not-started,0,not-assessed,claim-extraction,,
sun-bin,strategy,applicable,orientation-source-only,not-started,0,not-assessed,claim-extraction,,
sun-yat-sen,ethics,applicable,orientation-source-only,not-started,0,not-assessed,claim-extraction,,
sun-yat-sen,intellectual-development,applicable,orientation-source-only,not-started,0,not-assessed,claim-extraction,,
sun-yat-sen,political,applicable,orientation-source-only,not-started,0,not-assessed,claim-extraction,,
sun-yat-sen,primary-works,applicable,orientation-source-only,not-started,0,not-assessed,claim-extraction,,
sunzi,intellectual-development,applicable,orientation-source-only,not-started,0,not-assessed,claim-extraction,,
sunzi,political,applicable,orientation-source-only,not-started,0,not-assessed,claim-extraction,,
sunzi,primary-works,applicable,orientation-source-only,not-started,0,not-assessed,claim-extraction,,
sunzi,strategy,applicable,orientation-source-only,not-started,0,not-assessed,claim-extraction,,
tan-sitong,ethics,applicable,orientation-source-only,not-started,0,not-assessed,claim-extraction,,
tan-sitong,intellectual-development,applicable,orientation-source-only,not-started,0,not-assessed,claim-extraction,,
tan-sitong,metaphysics,applicable,orientation-source-only,not-started,0,not-assessed,claim-extraction,,
tan-sitong,political,applicable,orientation-source-only,not-started,0,not-assessed,claim-extraction,,
tan-sitong,primary-works,applicable,orientation-source-only,not-started,0,not-assessed,claim-extraction,,
tang-junyi,culture,applicable,orientation-source-only,not-started,0,not-assessed,claim-extraction,,
tang-junyi,ethics,applicable,orientation-source-only,not-started,0,not-assessed,claim-extraction,,
tang-junyi,intellectual-development,applicable,orientation-source-only,not-started,0,not-assessed,claim-extraction,,
tang-junyi,metaphysics,applicable,orientation-source-only,not-started,0,not-assessed,claim-extraction,,
tang-junyi,primary-works,applicable,orientation-source-only,not-started,0,not-assessed,claim-extraction,,
tang-zhen,intellectual-development,applicable,identified,batch-reviewed,0,not-assessed,expand-system-coverage,codex-ultimate-candidate-expansion-2026-07-17,2026-07-17
tang-zhen,politics-governance,applicable,identified,batch-reviewed,0,not-assessed,expand-system-coverage,codex-ultimate-candidate-expansion-2026-07-17,2026-07-17
tang-zhen,primary-works,applicable,identified,batch-reviewed,0,not-assessed,expand-system-coverage,codex-ultimate-candidate-expansion-2026-07-17,2026-07-17
tang-zhen,society-world,applicable,identified,batch-reviewed,0,not-assessed,expand-system-coverage,codex-ultimate-candidate-expansion-2026-07-17,2026-07-17
tu-weiming,ecology,applicable,orientation-source-only,not-started,0,not-assessed,claim-extraction,,
tu-weiming,ethics,applicable,orientation-source-only,not-started,0,not-assessed,claim-extraction,,
tu-weiming,intellectual-development,applicable,orientation-source-only,not-started,0,not-assessed,claim-extraction,,
tu-weiming,primary-works,applicable,orientation-source-only,not-started,0,not-assessed,claim-extraction,,
tu-weiming,religion,applicable,orientation-source-only,not-started,0,not-assessed,claim-extraction,,
wang-bi,hermeneutics,applicable,orientation-source-only,not-started,0,not-assessed,claim-extraction,,
wang-bi,intellectual-development,applicable,orientation-source-only,not-started,0,not-assessed,claim-extraction,,
wang-bi,metaphysics,applicable,orientation-source-only,not-started,0,not-assessed,claim-extraction,,
wang-bi,political,applicable,orientation-source-only,not-started,0,not-assessed,claim-extraction,,
wang-bi,primary-works,applicable,orientation-source-only,not-started,0,not-assessed,claim-extraction,,
wang-chong,epistemology,applicable,orientation-source-only,not-started,0,not-assessed,claim-extraction,,
wang-chong,intellectual-development,applicable,orientation-source-only,not-started,0,not-assessed,claim-extraction,,
wang-chong,metaphysics,applicable,orientation-source-only,not-started,0,not-assessed,claim-extraction,,
wang-chong,primary-works,applicable,orientation-source-only,not-started,0,not-assessed,claim-extraction,,
wang-chong,religion,applicable,orientation-source-only,not-started,0,not-assessed,claim-extraction,,
wang-daiyu,ethics,applicable,orientation-source-only,not-started,0,not-assessed,claim-extraction,,
wang-daiyu,intellectual-development,applicable,orientation-source-only,not-started,0,not-assessed,claim-extraction,,
wang-daiyu,metaphysics,applicable,orientation-source-only,not-started,0,not-assessed,claim-extraction,,
wang-daiyu,primary-works,applicable,orientation-source-only,not-started,0,not-assessed,claim-extraction,,
wang-daiyu,religion,applicable,orientation-source-only,not-started,0,not-assessed,claim-extraction,,
wang-fu,ethics,applicable,orientation-source-only,not-started,0,not-assessed,claim-extraction,,
wang-fu,intellectual-development,applicable,orientation-source-only,not-started,0,not-assessed,claim-extraction,,
wang-fu,political,applicable,orientation-source-only,not-started,0,not-assessed,claim-extraction,,
wang-fu,primary-works,applicable,orientation-source-only,not-started,0,not-assessed,claim-extraction,,
wang-fuzhi,ethics,applicable,orientation-source-only,not-started,0,not-assessed,claim-extraction,,
wang-fuzhi,history,applicable,orientation-source-only,not-started,0,not-assessed,claim-extraction,,
wang-fuzhi,intellectual-development,applicable,orientation-source-only,not-started,0,not-assessed,claim-extraction,,
wang-fuzhi,metaphysics,applicable,orientation-source-only,not-started,0,not-assessed,claim-extraction,,
wang-fuzhi,political,applicable,orientation-source-only,not-started,0,not-assessed,claim-extraction,,
wang-fuzhi,primary-works,applicable,orientation-source-only,not-started,0,not-assessed,claim-extraction,,
wang-gen,ethics,applicable,orientation-source-only,not-started,0,not-assessed,claim-extraction,,
wang-gen,intellectual-development,applicable,orientation-source-only,not-started,0,not-assessed,claim-extraction,,
wang-gen,political,applicable,orientation-source-only,not-started,0,not-assessed,claim-extraction,,
wang-gen,primary-works,applicable,orientation-source-only,not-started,0,not-assessed,claim-extraction,,
wang-gen,self-cultivation,applicable,orientation-source-only,not-started,0,not-assessed,claim-extraction,,
wang-hui,history,applicable,orientation-source-only,not-started,0,not-assessed,claim-extraction,,
wang-hui,intellectual-development,applicable,orientation-source-only,not-started,0,not-assessed,claim-extraction,,
wang-hui,modernity,applicable,orientation-source-only,not-started,0,not-assessed,claim-extraction,,
wang-hui,political,applicable,orientation-source-only,not-started,0,not-assessed,claim-extraction,,
wang-hui,primary-works,applicable,orientation-source-only,not-started,0,not-assessed,claim-extraction,,
wang-ji,ethics,applicable,orientation-source-only,not-started,0,not-assessed,claim-extraction,,
wang-ji,intellectual-development,applicable,orientation-source-only,not-started,0,not-assessed,claim-extraction,,
wang-ji,metaphysics,applicable,orientation-source-only,not-started,0,not-assessed,claim-extraction,,
wang-ji,mind,applicable,orientation-source-only,not-started,0,not-assessed,claim-extraction,,
wang-ji,primary-works,applicable,orientation-source-only,not-started,0,not-assessed,claim-extraction,,
wang-ruoshui,ethics,applicable,orientation-source-only,not-started,0,not-assessed,claim-extraction,,
wang-ruoshui,humanism,applicable,orientation-source-only,not-started,0,not-assessed,claim-extraction,,
wang-ruoshui,intellectual-development,applicable,orientation-source-only,not-started,0,not-assessed,claim-extraction,,
wang-ruoshui,political,applicable,orientation-source-only,not-started,0,not-assessed,claim-extraction,,
wang-ruoshui,primary-works,applicable,orientation-source-only,not-started,0,not-assessed,claim-extraction,,
wang-tingxiang,intellectual-development,applicable,identified,batch-reviewed,0,not-assessed,expand-system-coverage,codex-ultimate-candidate-expansion-2026-07-17,2026-07-17
wang-tingxiang,nature-technology,applicable,identified,batch-reviewed,0,not-assessed,expand-system-coverage,codex-ultimate-candidate-expansion-2026-07-17,2026-07-17
wang-tingxiang,primary-works,applicable,identified,batch-reviewed,0,not-assessed,expand-system-coverage,codex-ultimate-candidate-expansion-2026-07-17,2026-07-17
wang-tingxiang,tiandao-metaphysics,applicable,identified,batch-reviewed,0,not-assessed,expand-system-coverage,codex-ultimate-candidate-expansion-2026-07-17,2026-07-17
wang-tong-sui,education-hermeneutics,applicable,identified,batch-reviewed,0,not-assessed,expand-system-coverage,codex-ultimate-candidate-expansion-2026-07-17,2026-07-17
wang-tong-sui,intellectual-development,applicable,identified,batch-reviewed,0,not-assessed,expand-system-coverage,codex-ultimate-candidate-expansion-2026-07-17,2026-07-17
wang-tong-sui,politics-governance,applicable,identified,batch-reviewed,0,not-assessed,expand-system-coverage,codex-ultimate-candidate-expansion-2026-07-17,2026-07-17
wang-tong-sui,primary-works,applicable,identified,batch-reviewed,0,not-assessed,expand-system-coverage,codex-ultimate-candidate-expansion-2026-07-17,2026-07-17
wang-yangming,epistemology,applicable,orientation-source-only,not-started,0,not-assessed,claim-extraction,,
wang-yangming,ethics,applicable,orientation-source-only,not-started,0,not-assessed,claim-extraction,,
wang-yangming,intellectual-development,applicable,orientation-source-only,not-started,0,not-assessed,claim-extraction,,
wang-yangming,mind,applicable,orientation-source-only,not-started,0,not-assessed,claim-extraction,,
wang-yangming,political,applicable,orientation-source-only,not-started,0,not-assessed,claim-extraction,,
wang-yangming,primary-works,applicable,orientation-source-only,not-started,0,not-assessed,claim-extraction,,
wang-yinglin,education,applicable,orientation-source-only,not-started,0,not-assessed,claim-extraction,,
wang-yinglin,ethics,applicable,orientation-source-only,not-started,0,not-assessed,claim-extraction,,
wang-yinglin,history,applicable,orientation-source-only,not-started,0,not-assessed,claim-extraction,,
wang-yinglin,intellectual-development,applicable,orientation-source-only,not-started,0,not-assessed,claim-extraction,,
wang-yinglin,primary-works,applicable,orientation-source-only,not-started,0,not-assessed,claim-extraction,,
wei-yuan,history,applicable,orientation-source-only,not-started,0,not-assessed,claim-extraction,,
wei-yuan,intellectual-development,applicable,orientation-source-only,not-started,0,not-assessed,claim-extraction,,
wei-yuan,international,applicable,orientation-source-only,not-started,0,not-assessed,claim-extraction,,
wei-yuan,political,applicable,orientation-source-only,not-started,0,not-assessed,claim-extraction,,
wei-yuan,primary-works,applicable,orientation-source-only,not-started,0,not-assessed,claim-extraction,,
wu-cheng,ethics,applicable,orientation-source-only,not-started,0,not-assessed,claim-extraction,,
wu-cheng,hermeneutics,applicable,orientation-source-only,not-started,0,not-assessed,claim-extraction,,
wu-cheng,intellectual-development,applicable,orientation-source-only,not-started,0,not-assessed,claim-extraction,,
wu-cheng,metaphysics,applicable,orientation-source-only,not-started,0,not-assessed,claim-extraction,,
wu-cheng,primary-works,applicable,orientation-source-only,not-started,0,not-assessed,claim-extraction,,
wu-yubi,ethics,applicable,orientation-source-only,not-started,0,not-assessed,claim-extraction,,
wu-yubi,intellectual-development,applicable,orientation-source-only,not-started,0,not-assessed,claim-extraction,,
wu-yubi,mind,applicable,orientation-source-only,not-started,0,not-assessed,claim-extraction,,
wu-yubi,primary-works,applicable,orientation-source-only,not-started,0,not-assessed,claim-extraction,,
wu-yubi,self-cultivation,applicable,orientation-source-only,not-started,0,not-assessed,claim-extraction,,
wunengzi,intellectual-development,applicable,identified,batch-reviewed,0,not-assessed,expand-system-coverage,codex-ultimate-candidate-expansion-2026-07-17,2026-07-17
wunengzi,nature-technology,applicable,identified,batch-reviewed,0,not-assessed,expand-system-coverage,codex-ultimate-candidate-expansion-2026-07-17,2026-07-17
wunengzi,primary-works,applicable,identified,batch-reviewed,0,not-assessed,expand-system-coverage,codex-ultimate-candidate-expansion-2026-07-17,2026-07-17
wunengzi,society-world,applicable,identified,batch-reviewed,0,not-assessed,expand-system-coverage,codex-ultimate-candidate-expansion-2026-07-17,2026-07-17
wunengzi,tiandao-metaphysics,applicable,identified,batch-reviewed,0,not-assessed,expand-system-coverage,codex-ultimate-candidate-expansion-2026-07-17,2026-07-17
xiang-xiu,hermeneutics,applicable,orientation-source-only,not-started,0,not-assessed,claim-extraction,,
xiang-xiu,intellectual-development,applicable,orientation-source-only,not-started,0,not-assessed,claim-extraction,,
xiang-xiu,metaphysics,applicable,orientation-source-only,not-started,0,not-assessed,claim-extraction,,
xiang-xiu,primary-works,applicable,orientation-source-only,not-started,0,not-assessed,claim-extraction,,
xiong-shili,epistemology,applicable,orientation-source-only,not-started,0,not-assessed,claim-extraction,,
xiong-shili,intellectual-development,applicable,orientation-source-only,not-started,0,not-assessed,claim-extraction,,
xiong-shili,metaphysics,applicable,orientation-source-only,not-started,0,not-assessed,claim-extraction,,
xiong-shili,mind,applicable,orientation-source-only,not-started,0,not-assessed,claim-extraction,,
xiong-shili,primary-works,applicable,orientation-source-only,not-started,0,not-assessed,claim-extraction,,
xu-fuguan,aesthetics,applicable,orientation-source-only,not-started,0,not-assessed,claim-extraction,,
xu-fuguan,ethics,applicable,orientation-source-only,not-started,0,not-assessed,claim-extraction,,
xu-fuguan,history,applicable,orientation-source-only,not-started,0,not-assessed,claim-extraction,,
xu-fuguan,intellectual-development,applicable,orientation-source-only,not-started,0,not-assessed,claim-extraction,,
xu-fuguan,political,applicable,orientation-source-only,not-started,0,not-assessed,claim-extraction,,
xu-fuguan,primary-works,applicable,orientation-source-only,not-started,0,not-assessed,claim-extraction,,
xu-heng,education,applicable,orientation-source-only,not-started,0,not-assessed,claim-extraction,,
xu-heng,ethics,applicable,orientation-source-only,not-started,0,not-assessed,claim-extraction,,
xu-heng,intellectual-development,applicable,orientation-source-only,not-started,0,not-assessed,claim-extraction,,
xu-heng,political,applicable,orientation-source-only,not-started,0,not-assessed,claim-extraction,,
xu-heng,primary-works,applicable,orientation-source-only,not-started,0,not-assessed,claim-extraction,,
xu-xing,economics,applicable,orientation-source-only,not-started,0,not-assessed,claim-extraction,,
xu-xing,ethics,applicable,orientation-source-only,not-started,0,not-assessed,claim-extraction,,
xu-xing,intellectual-development,applicable,orientation-source-only,not-started,0,not-assessed,claim-extraction,,
xu-xing,political,applicable,orientation-source-only,not-started,0,not-assessed,claim-extraction,,
xu-xing,primary-works,applicable,orientation-source-only,not-started,0,not-assessed,claim-extraction,,
xuanzang,consciousness,applicable,orientation-source-only,not-started,0,not-assessed,claim-extraction,,
xuanzang,epistemology,applicable,orientation-source-only,not-started,0,not-assessed,claim-extraction,,
xuanzang,intellectual-development,applicable,orientation-source-only,not-started,0,not-assessed,claim-extraction,,
xuanzang,primary-works,applicable,orientation-source-only,not-started,0,not-assessed,claim-extraction,,
xuanzang,religion,applicable,orientation-source-only,not-started,0,not-assessed,claim-extraction,,
xunzi,ethics,applicable,orientation-source-only,partial,2,not-assessed,coverage-expansion,,
xunzi,intellectual-development,applicable,orientation-source-only,not-started,0,not-assessed,claim-extraction,,
xunzi,language,applicable,orientation-source-only,not-started,0,not-assessed,claim-extraction,,
xunzi,mind,applicable,orientation-source-only,partial,1,not-assessed,coverage-expansion,,
xunzi,political,applicable,orientation-source-only,partial,1,not-assessed,coverage-expansion,,
xunzi,primary-works,applicable,orientation-source-only,not-started,0,not-assessed,claim-extraction,,
xunzi,ritual,applicable,orientation-source-only,partial,1,not-assessed,coverage-expansion,,
yan-fu,epistemology,applicable,orientation-source-only,not-started,0,not-assessed,claim-extraction,,
yan-fu,ethics,applicable,orientation-source-only,not-started,0,not-assessed,claim-extraction,,
yan-fu,intellectual-development,applicable,orientation-source-only,not-started,0,not-assessed,claim-extraction,,
yan-fu,political,applicable,orientation-source-only,not-started,0,not-assessed,claim-extraction,,
yan-fu,primary-works,applicable,orientation-source-only,not-started,0,not-assessed,claim-extraction,,
yan-hui,ethics,applicable,orientation-source-only,not-started,0,not-assessed,claim-extraction,,
yan-hui,intellectual-development,applicable,orientation-source-only,not-started,0,not-assessed,claim-extraction,,
yan-hui,primary-works,applicable,orientation-source-only,not-started,0,not-assessed,claim-extraction,,
yan-hui,self-cultivation,applicable,orientation-source-only,not-started,0,not-assessed,claim-extraction,,
yan-ying,ethics-cultivation,applicable,identified,batch-reviewed,0,not-assessed,expand-system-coverage,codex-ultimate-candidate-expansion-2026-07-17,2026-07-17
yan-ying,intellectual-development,applicable,identified,batch-reviewed,0,not-assessed,expand-system-coverage,codex-ultimate-candidate-expansion-2026-07-17,2026-07-17
yan-ying,politics-governance,applicable,identified,batch-reviewed,0,not-assessed,expand-system-coverage,codex-ultimate-candidate-expansion-2026-07-17,2026-07-17
yan-ying,primary-works,applicable,identified,batch-reviewed,0,not-assessed,expand-system-coverage,codex-ultimate-candidate-expansion-2026-07-17,2026-07-17
yan-yuan,education,applicable,orientation-source-only,not-started,0,not-assessed,claim-extraction,,
yan-yuan,ethics,applicable,orientation-source-only,not-started,0,not-assessed,claim-extraction,,
yan-yuan,intellectual-development,applicable,orientation-source-only,not-started,0,not-assessed,claim-extraction,,
yan-yuan,political,applicable,orientation-source-only,not-started,0,not-assessed,claim-extraction,,
yan-yuan,primary-works,applicable,orientation-source-only,not-started,0,not-assessed,claim-extraction,,
yang-guorong,ethics,applicable,orientation-source-only,not-started,0,not-assessed,claim-extraction,,
yang-guorong,history,applicable,orientation-source-only,not-started,0,not-assessed,claim-extraction,,
yang-guorong,intellectual-development,applicable,orientation-source-only,not-started,0,not-assessed,claim-extraction,,
yang-guorong,metaphysics,applicable,orientation-source-only,not-started,0,not-assessed,claim-extraction,,
yang-guorong,primary-works,applicable,orientation-source-only,not-started,0,not-assessed,claim-extraction,,
yang-xiong,ethics,applicable,orientation-source-only,not-started,0,not-assessed,claim-extraction,,
yang-xiong,intellectual-development,applicable,orientation-source-only,not-started,0,not-assessed,claim-extraction,,
yang-xiong,language,applicable,orientation-source-only,not-started,0,not-assessed,claim-extraction,,
yang-xiong,metaphysics,applicable,orientation-source-only,not-started,0,not-assessed,claim-extraction,,
yang-xiong,primary-works,applicable,orientation-source-only,not-started,0,not-assessed,claim-extraction,,
yang-zhu,ethics,applicable,orientation-source-only,not-started,0,not-assessed,claim-extraction,,
yang-zhu,intellectual-development,applicable,orientation-source-only,not-started,0,not-assessed,claim-extraction,,
yang-zhu,political,applicable,orientation-source-only,not-started,0,not-assessed,claim-extraction,,
yang-zhu,primary-works,applicable,orientation-source-only,not-started,0,not-assessed,claim-extraction,,
yao,ethics,applicable,orientation-source-only,not-started,0,not-assessed,claim-extraction,,
yao,intellectual-development,applicable,orientation-source-only,not-started,0,not-assessed,claim-extraction,,
yao,political,applicable,orientation-source-only,not-started,0,not-assessed,claim-extraction,,
yao,primary-works,applicable,orientation-source-only,not-started,0,not-assessed,claim-extraction,,
ye-shi,economics,applicable,orientation-source-only,not-started,0,not-assessed,claim-extraction,,
ye-shi,ethics,applicable,orientation-source-only,not-started,0,not-assessed,claim-extraction,,
ye-shi,intellectual-development,applicable,orientation-source-only,not-started,0,not-assessed,claim-extraction,,
ye-shi,political,applicable,orientation-source-only,not-started,0,not-assessed,claim-extraction,,
ye-shi,primary-works,applicable,orientation-source-only,not-started,0,not-assessed,claim-extraction,,
yu-the-great,intellectual-development,applicable,orientation-source-only,not-started,0,not-assessed,claim-extraction,,
yu-the-great,political,applicable,orientation-source-only,not-started,0,not-assessed,claim-extraction,,
yu-the-great,primary-works,applicable,orientation-source-only,not-started,0,not-assessed,claim-extraction,,
yu-the-great,technology,applicable,orientation-source-only,not-started,0,not-assessed,claim-extraction,,
zengzi,ethics,applicable,orientation-source-only,not-started,0,not-assessed,claim-extraction,,
zengzi,intellectual-development,applicable,orientation-source-only,not-started,0,not-assessed,claim-extraction,,
zengzi,primary-works,applicable,orientation-source-only,not-started,0,not-assessed,claim-extraction,,
zengzi,ritual,applicable,orientation-source-only,not-started,0,not-assessed,claim-extraction,,
zengzi,self-cultivation,applicable,orientation-source-only,not-started,0,not-assessed,claim-extraction,,
zhan-ruoshui,ethics,applicable,orientation-source-only,not-started,0,not-assessed,claim-extraction,,
zhan-ruoshui,intellectual-development,applicable,orientation-source-only,not-started,0,not-assessed,claim-extraction,,
zhan-ruoshui,mind,applicable,orientation-source-only,not-started,0,not-assessed,claim-extraction,,
zhan-ruoshui,primary-works,applicable,orientation-source-only,not-started,0,not-assessed,claim-extraction,,
zhan-ruoshui,self-cultivation,applicable,orientation-source-only,not-started,0,not-assessed,claim-extraction,,
zhang-dainian,ethics,applicable,orientation-source-only,not-started,0,not-assessed,claim-extraction,,
zhang-dainian,history,applicable,orientation-source-only,not-started,0,not-assessed,claim-extraction,,
zhang-dainian,intellectual-development,applicable,orientation-source-only,not-started,0,not-assessed,claim-extraction,,
zhang-dainian,metaphysics,applicable,orientation-source-only,not-started,0,not-assessed,claim-extraction,,
zhang-dainian,primary-works,applicable,orientation-source-only,not-started,0,not-assessed,claim-extraction,,
zhang-dongsun,culture,applicable,orientation-source-only,not-started,0,not-assessed,claim-extraction,,
zhang-dongsun,epistemology,applicable,orientation-source-only,not-started,0,not-assessed,claim-extraction,,
zhang-dongsun,intellectual-development,applicable,orientation-source-only,not-started,0,not-assessed,claim-extraction,,
zhang-dongsun,political,applicable,orientation-source-only,not-started,0,not-assessed,claim-extraction,,
zhang-dongsun,primary-works,applicable,orientation-source-only,not-started,0,not-assessed,claim-extraction,,
zhang-junmai,culture,applicable,orientation-source-only,not-started,0,not-assessed,claim-extraction,,
zhang-junmai,intellectual-development,applicable,orientation-source-only,not-started,0,not-assessed,claim-extraction,,
zhang-junmai,metaphysics,applicable,orientation-source-only,not-started,0,not-assessed,claim-extraction,,
zhang-junmai,political,applicable,orientation-source-only,not-started,0,not-assessed,claim-extraction,,
zhang-junmai,primary-works,applicable,orientation-source-only,not-started,0,not-assessed,claim-extraction,,
zhang-shi,education,applicable,orientation-source-only,not-started,0,not-assessed,claim-extraction,,
zhang-shi,ethics,applicable,orientation-source-only,not-started,0,not-assessed,claim-extraction,,
zhang-shi,intellectual-development,applicable,orientation-source-only,not-started,0,not-assessed,claim-extraction,,
zhang-shi,political,applicable,orientation-source-only,not-started,0,not-assessed,claim-extraction,,
zhang-shi,primary-works,applicable,orientation-source-only,not-started,0,not-assessed,claim-extraction,,
zhang-shiying,aesthetics,applicable,orientation-source-only,not-started,0,not-assessed,claim-extraction,,
zhang-shiying,ethics,applicable,orientation-source-only,not-started,0,not-assessed,claim-extraction,,
zhang-shiying,intellectual-development,applicable,orientation-source-only,not-started,0,not-assessed,claim-extraction,,
zhang-shiying,metaphysics,applicable,orientation-source-only,not-started,0,not-assessed,claim-extraction,,
zhang-shiying,primary-works,applicable,orientation-source-only,not-started,0,not-assessed,claim-extraction,,
zhang-taiyan,intellectual-development,applicable,orientation-source-only,not-started,0,not-assessed,claim-extraction,,
zhang-taiyan,language,applicable,orientation-source-only,not-started,0,not-assessed,claim-extraction,,
zhang-taiyan,metaphysics,applicable,orientation-source-only,not-started,0,not-assessed,claim-extraction,,
zhang-taiyan,political,applicable,orientation-source-only,not-started,0,not-assessed,claim-extraction,,
zhang-taiyan,primary-works,applicable,orientation-source-only,not-started,0,not-assessed,claim-extraction,,
zhang-xuecheng,ethics,applicable,orientation-source-only,not-started,0,not-assessed,claim-extraction,,
zhang-xuecheng,hermeneutics,applicable,orientation-source-only,not-started,0,not-assessed,claim-extraction,,
zhang-xuecheng,history,applicable,orientation-source-only,not-started,0,not-assessed,claim-extraction,,
zhang-xuecheng,intellectual-development,applicable,orientation-source-only,not-started,0,not-assessed,claim-extraction,,
zhang-xuecheng,primary-works,applicable,orientation-source-only,not-started,0,not-assessed,claim-extraction,,
zhang-zai,cosmology,applicable,orientation-source-only,not-started,0,not-assessed,claim-extraction,,
zhang-zai,ethics,applicable,orientation-source-only,not-started,0,not-assessed,claim-extraction,,
zhang-zai,intellectual-development,applicable,orientation-source-only,not-started,0,not-assessed,claim-extraction,,
zhang-zai,metaphysics,applicable,orientation-source-only,not-started,0,not-assessed,claim-extraction,,
zhang-zai,primary-works,applicable,orientation-source-only,not-started,0,not-assessed,claim-extraction,,
zhao-tingyang,ethics,applicable,orientation-source-only,not-started,0,not-assessed,claim-extraction,,
zhao-tingyang,intellectual-development,applicable,orientation-source-only,not-started,0,not-assessed,claim-extraction,,
zhao-tingyang,political,applicable,orientation-source-only,not-started,0,not-assessed,claim-extraction,,
zhao-tingyang,primary-works,applicable,orientation-source-only,not-started,0,not-assessed,claim-extraction,,
zhao-tingyang,world-order,applicable,orientation-source-only,not-started,0,not-assessed,claim-extraction,,
zheng-xuan,hermeneutics,applicable,orientation-source-only,not-started,0,not-assessed,claim-extraction,,
zheng-xuan,intellectual-development,applicable,orientation-source-only,not-started,0,not-assessed,claim-extraction,,
zheng-xuan,language,applicable,orientation-source-only,not-started,0,not-assessed,claim-extraction,,
zheng-xuan,primary-works,applicable,orientation-source-only,not-started,0,not-assessed,claim-extraction,,
zheng-xuan,ritual,applicable,orientation-source-only,not-started,0,not-assessed,claim-extraction,,
zhi-dun,intellectual-development,applicable,orientation-source-only,not-started,0,not-assessed,claim-extraction,,
zhi-dun,metaphysics,applicable,orientation-source-only,not-started,0,not-assessed,claim-extraction,,
zhi-dun,mind,applicable,orientation-source-only,not-started,0,not-assessed,claim-extraction,,
zhi-dun,primary-works,applicable,orientation-source-only,not-started,0,not-assessed,claim-extraction,,
zhiyi,intellectual-development,applicable,orientation-source-only,not-started,0,not-assessed,claim-extraction,,
zhiyi,metaphysics,applicable,orientation-source-only,not-started,0,not-assessed,claim-extraction,,
zhiyi,mind,applicable,orientation-source-only,not-started,0,not-assessed,claim-extraction,,
zhiyi,primary-works,applicable,orientation-source-only,not-started,0,not-assessed,claim-extraction,,
zhiyi,religion,applicable,orientation-source-only,not-started,0,not-assessed,claim-extraction,,
zhongchang-tong,intellectual-development,applicable,identified,batch-reviewed,0,not-assessed,expand-system-coverage,codex-ultimate-candidate-expansion-2026-07-17,2026-07-17
zhongchang-tong,knowledge-method,applicable,identified,batch-reviewed,0,not-assessed,expand-system-coverage,codex-ultimate-candidate-expansion-2026-07-17,2026-07-17
zhongchang-tong,politics-governance,applicable,identified,batch-reviewed,0,not-assessed,expand-system-coverage,codex-ultimate-candidate-expansion-2026-07-17,2026-07-17
zhongchang-tong,primary-works,applicable,identified,batch-reviewed,0,not-assessed,expand-system-coverage,codex-ultimate-candidate-expansion-2026-07-17,2026-07-17
zhou-dunyi,cosmology,applicable,orientation-source-only,not-started,0,not-assessed,claim-extraction,,
zhou-dunyi,ethics,applicable,orientation-source-only,not-started,0,not-assessed,claim-extraction,,
zhou-dunyi,intellectual-development,applicable,orientation-source-only,not-started,0,not-assessed,claim-extraction,,
zhou-dunyi,metaphysics,applicable,orientation-source-only,not-started,0,not-assessed,claim-extraction,,
zhou-dunyi,primary-works,applicable,orientation-source-only,not-started,0,not-assessed,claim-extraction,,
zhu-xi,education,applicable,orientation-source-only,not-started,0,not-assessed,claim-extraction,,
zhu-xi,epistemology,applicable,orientation-source-only,not-started,0,not-assessed,claim-extraction,,
zhu-xi,ethics,applicable,orientation-source-only,not-started,0,not-assessed,claim-extraction,,
zhu-xi,intellectual-development,applicable,orientation-source-only,not-started,0,not-assessed,claim-extraction,,
zhu-xi,metaphysics,applicable,orientation-source-only,not-started,0,not-assessed,claim-extraction,,
zhu-xi,primary-works,applicable,orientation-source-only,not-started,0,not-assessed,claim-extraction,,
zhuangzi,ethics,applicable,orientation-source-only,not-started,0,not-assessed,claim-extraction,,
zhuangzi,intellectual-development,applicable,orientation-source-only,not-started,0,not-assessed,claim-extraction,,
zhuangzi,language,applicable,orientation-source-only,partial,1,not-assessed,coverage-expansion,,
zhuangzi,metaphysics,applicable,orientation-source-only,partial,1,not-assessed,coverage-expansion,,
zhuangzi,mind,applicable,orientation-source-only,partial,1,not-assessed,coverage-expansion,,
zhuangzi,primary-works,applicable,orientation-source-only,not-started,0,not-assessed,claim-extraction,,
zisi,ethics,applicable,orientation-source-only,not-started,0,not-assessed,claim-extraction,,
zisi,intellectual-development,applicable,orientation-source-only,not-started,0,not-assessed,claim-extraction,,
zisi,metaphysics,applicable,orientation-source-only,not-started,0,not-assessed,claim-extraction,,
zisi,primary-works,applicable,orientation-source-only,not-started,0,not-assessed,claim-extraction,,
zisi,self-cultivation,applicable,orientation-source-only,not-started,0,not-assessed,claim-extraction,,
zongmi,hermeneutics,applicable,orientation-source-only,not-started,0,not-assessed,claim-extraction,,
zongmi,intellectual-development,applicable,orientation-source-only,not-started,0,not-assessed,claim-extraction,,
zongmi,metaphysics,applicable,orientation-source-only,not-started,0,not-assessed,claim-extraction,,
zongmi,mind,applicable,orientation-source-only,not-started,0,not-assessed,claim-extraction,,
zongmi,primary-works,applicable,orientation-source-only,not-started,0,not-assessed,claim-extraction,,
zou-yan,cosmology,applicable,orientation-source-only,not-started,0,not-assessed,claim-extraction,,
zou-yan,intellectual-development,applicable,orientation-source-only,not-started,0,not-assessed,claim-extraction,,
zou-yan,political,applicable,orientation-source-only,not-started,0,not-assessed,claim-extraction,,
zou-yan,primary-works,applicable,orientation-source-only,not-started,0,not-assessed,claim-extraction,,
