person_id,kind,local_path,wikidata_id,source_url,file_title,author,license,license_url,review_status,match_method,notes
fuxi,sourced-image,/portraits-finalized-v1/fuxi.webp,Q236972,https://commons.wikimedia.org/wiki/File:Ma-Lin-Fuxi-and-turtle.jpg,Ma-Lin-Fuxi-and-turtle.jpg,Ma Lin,Public domain,,reviewed-head-crop,zhwiki-exact-title-or-redirect,Exact Chinese Wikipedia title or redirect with Wikidata P18; requires final visual identity review. Head-and-shoulders crop visually reviewed for circular display. Head-and-shoulders crop visually reviewed for circular display. Head-and-shoulders crop visually reviewed for circular display.
shennong,sourced-image,/portraits-finalized-v1/shennong.webp,Q313336,https://commons.wikimedia.org/wiki/File:Shennong3.jpg,Shennong3.jpg,Li Ung Bing,Public domain,,reviewed-head-crop,zhwiki-exact-title-or-redirect,Exact Chinese Wikipedia title or redirect with Wikidata P18; requires final visual identity review. Head-and-shoulders crop visually reviewed for circular display. Head-and-shoulders crop visually reviewed for circular display. Head-and-shoulders crop visually reviewed for circular display.
huangdi,sourced-image,/portraits-finalized-v1/huangdi.webp,Q29201,https://commons.wikimedia.org/wiki/File:Yellow_Emperor.jpg,Yellow Emperor.jpg,,Public domain,,reviewed-head-crop,zhwiki-exact-title-or-redirect,Exact Chinese Wikipedia title or redirect with Wikidata P18; requires final visual identity review. Head-and-shoulders crop visually reviewed for circular display. Head-and-shoulders crop visually reviewed for circular display. Head-and-shoulders crop visually reviewed for circular display.
yao,sourced-image,/portraits-finalized-v1/yao.webp,Q819556,https://commons.wikimedia.org/wiki/File:Ma_Lin_-_Emperor_Yao.jpg,Ma Lin - Emperor Yao.jpg,Ma Lin,Public domain,,reviewed-head-crop,zhwiki-exact-title-or-redirect,Exact Chinese Wikipedia title or redirect with Wikidata P18; requires final visual identity review. Head-and-shoulders crop visually reviewed for circular display. Head-and-shoulders crop visually reviewed for circular display. Head-and-shoulders crop visually reviewed for circular display.
shun,generated-illustration,/portraits-generated-v1/shun.webp,,,AI interpretive portrait of shun,OpenAI image generation,Project-generated illustration,,reviewed-generated,period-biography-illustrative-prompt,AI-generated interpretive head-and-shoulders illustration; not a historical likeness or documentary image.
yu-the-great,sourced-image,/portraits-finalized-v1/yu-the-great.webp,Q627784,https://commons.wikimedia.org/wiki/File:King_Yu_of_Xia.jpg,King Yu of Xia.jpg,Ma Lin,Public domain,,reviewed-head-crop,zhwiki-exact-title-or-redirect,Exact Chinese Wikipedia title or redirect with Wikidata P18; requires final visual identity review. Head-and-shoulders crop visually reviewed for circular display. Head-and-shoulders crop visually reviewed for circular display. Head-and-shoulders crop visually reviewed for circular display.
king-wen-zhou,sourced-image,/portraits-finalized-v1/king-wen-zhou.webp,Q698909,https://commons.wikimedia.org/wiki/File:King_Wen_of_Zhou_(cropped).jpg,King Wen of Zhou (cropped).jpg,Unknown author Unknown author,Public domain,,reviewed-head-crop,zhwiki-exact-title-or-redirect,Exact Chinese Wikipedia title or redirect with Wikidata P18; requires final visual identity review. Head-and-shoulders crop visually reviewed for circular display. Head-and-shoulders crop visually reviewed for circular display. Head-and-shoulders crop visually reviewed for circular display.
duke-zhou,generated-illustration,/portraits-generated-v1/duke-zhou.webp,,,AI interpretive portrait of duke-zhou,OpenAI image generation,Project-generated illustration,,reviewed-generated,period-biography-illustrative-prompt,AI-generated interpretive head-and-shoulders illustration; not a historical likeness or documentary image.
guan-zhong,generated-illustration,/portraits-generated-v1/guan-zhong.webp,,,AI interpretive portrait of guan-zhong,OpenAI image generation,Project-generated illustration,,reviewed-generated,period-biography-illustrative-prompt,AI-generated interpretive head-and-shoulders illustration; not a historical likeness or documentary image.
laozi,generated-illustration,/portraits-generated-v1/laozi.webp,,,AI interpretive portrait of laozi,OpenAI image generation,Project-generated illustration,,reviewed-generated,period-biography-illustrative-prompt,AI-generated interpretive head-and-shoulders illustration; not a historical likeness or documentary image.
yan-ying,generated-illustration,/portraits-generated-v1/yan-ying.webp,,,AI interpretive portrait of yan-ying,OpenAI image generation,Project-generated illustration,,reviewed-generated,period-biography-illustrative-prompt,AI-generated interpretive head-and-shoulders illustration; not a historical likeness or documentary image.
confucius,generated-illustration,/portraits-generated-v1/confucius.webp,,,AI interpretive portrait of confucius,OpenAI image generation,Project-generated illustration,,reviewed-generated,period-biography-illustrative-prompt,AI-generated interpretive head-and-shoulders illustration; not a historical likeness or documentary image.
sunzi,generated-illustration,/portraits-generated-v1/sunzi.webp,,,AI interpretive portrait of sunzi,OpenAI image generation,Project-generated illustration,,reviewed-generated,period-biography-illustrative-prompt,AI-generated interpretive head-and-shoulders illustration; not a historical likeness or documentary image.
yan-hui,sourced-image,/portraits-finalized-v1/yan-hui.webp,Q1155960,https://commons.wikimedia.org/wiki/File:Half_Portraits_of_the_Great_Sage_and_Virtuous_Men_of_Old_-_Yan_Hui_Ziyuan_(%E9%A1%8F%E5%9B%9E_%E5%AD%90%E6%B7%B5).jpg,Half Portraits of the Great Sage and Virtuous Men of Old - Yan Hui Ziyuan (顏回 子淵).jpg,anonymous,Public domain,,reviewed-head-crop,zhwiki-exact-title-or-redirect,Exact Chinese Wikipedia title or redirect with Wikidata P18; requires final visual identity review. Head-and-shoulders crop visually reviewed for circular display. Head-and-shoulders crop visually reviewed for circular display. Head-and-shoulders crop visually reviewed for circular display.
zengzi,sourced-image,/portraits-finalized-v1/zengzi.webp,Q1207671,https://commons.wikimedia.org/wiki/File:Half_Portraits_of_the_Great_Sage_and_Virtuous_Men_of_Old_-_Zeng_Shen_Ziyu_(%E6%9B%BE%E5%8F%83_%E5%AD%90%E8%BC%BF).jpg,Half Portraits of the Great Sage and Virtuous Men of Old - Zeng Shen Ziyu (曾參 子輿).jpg,anonymous,Public domain,,reviewed-head-crop,zhwiki-exact-title-or-redirect,Exact Chinese Wikipedia title or redirect with Wikidata P18; requires final visual identity review. Head-and-shoulders crop visually reviewed for circular display. Head-and-shoulders crop visually reviewed for circular display. Head-and-shoulders crop visually reviewed for circular display.
mozi,sourced-image,/portraits-finalized-v1/mozi.webp,Q272411,https://commons.wikimedia.org/wiki/File:%D0%A4%D0%B8%D0%BB%D0%BE%D1%81%D0%BE%D1%84_%D0%9C%D0%BE-%D0%A6%D0%B7%D1%8B.jpg,Философ Мо-Цзы.jpg,Vjacheslav Rublevskiy,CC0,http://creativecommons.org/publicdomain/zero/1.0/deed.en,reviewed-head-crop,zhwiki-exact-title-or-redirect,Exact Chinese Wikipedia title or redirect with Wikidata P18; requires final visual identity review. Head-and-shoulders crop visually reviewed for circular display. Head-and-shoulders crop visually reviewed for circular display. Head-and-shoulders crop visually reviewed for circular display.
zisi,generated-illustration,/portraits-generated-v1/zisi.webp,,,AI interpretive portrait of zisi,OpenAI image generation,Project-generated illustration,,reviewed-generated,period-biography-illustrative-prompt,AI-generated interpretive head-and-shoulders illustration; not a historical likeness or documentary image.
liezi,generated-illustration,/portraits-generated-v1/liezi.webp,,,AI interpretive portrait of liezi,OpenAI image generation,Project-generated illustration,,reviewed-generated,period-biography-illustrative-prompt,AI-generated interpretive head-and-shoulders illustration; not a historical likeness or documentary image.
yang-zhu,generated-illustration,/portraits-generated-v1/yang-zhu.webp,,,AI interpretive portrait of yang-zhu,OpenAI image generation,Project-generated illustration,,reviewed-generated,period-biography-illustrative-prompt,AI-generated interpretive head-and-shoulders illustration; not a historical likeness or documentary image.
shang-yang,sourced-image,/portraits-finalized-v1/shang-yang.webp,Q351345,https://commons.wikimedia.org/wiki/File:Statue_of_Shang_Yang.jpg,Statue of Shang Yang.jpg,Taken by Fanghong,CC BY 2.5,https://creativecommons.org/licenses/by/2.5,reviewed-head-crop,zhwiki-exact-title-or-redirect,Exact Chinese Wikipedia title or redirect with Wikidata P18; requires final visual identity review. Head-and-shoulders crop visually reviewed for circular display. Head-and-shoulders crop visually reviewed for circular display. Head-and-shoulders crop visually reviewed for circular display.
shen-buhai,generated-illustration,/portraits-generated-v1/shen-buhai.webp,,,AI interpretive portrait of shen-buhai,OpenAI image generation,Project-generated illustration,,reviewed-generated,period-biography-illustrative-prompt,AI-generated interpretive head-and-shoulders illustration; not a historical likeness or documentary image.
mencius,generated-illustration,/portraits-generated-v1/mencius.webp,,,AI interpretive portrait of mencius,OpenAI image generation,Project-generated illustration,,reviewed-generated,period-biography-illustrative-prompt,AI-generated interpretive head-and-shoulders illustration; not a historical likeness or documentary image.
hui-shi,generated-illustration,/portraits-generated-v1/hui-shi.webp,,,AI interpretive portrait of hui-shi,OpenAI image generation,Project-generated illustration,,reviewed-generated,period-biography-illustrative-prompt,AI-generated interpretive head-and-shoulders illustration; not a historical likeness or documentary image.
sun-bin,sourced-image,/portraits-finalized-v1/sun-bin.webp,Q334090,https://commons.wikimedia.org/wiki/File:Sun_Bin.jpg,Sun Bin.jpg,Unknown author Unknown author,Public domain,,reviewed-head-crop,zhwiki-exact-title-or-redirect,Exact Chinese Wikipedia title or redirect with Wikidata P18; requires final visual identity review. Head-and-shoulders crop visually reviewed for circular display. Head-and-shoulders crop visually reviewed for circular display. Head-and-shoulders crop visually reviewed for circular display.
zhuangzi,generated-illustration,/portraits-generated-v1/zhuangzi.webp,,,AI interpretive portrait of zhuangzi,OpenAI image generation,Project-generated illustration,,reviewed-generated,period-biography-illustrative-prompt,AI-generated interpretive head-and-shoulders illustration; not a historical likeness or documentary image.
gaozi,generated-illustration,/portraits-generated-v1/gaozi.webp,,,AI interpretive portrait of gaozi,OpenAI image generation,Project-generated illustration,,reviewed-generated,period-biography-illustrative-prompt,AI-generated interpretive head-and-shoulders illustration; not a historical likeness or documentary image.
xu-xing,generated-illustration,/portraits-generated-v1/xu-xing.webp,,,AI interpretive portrait of xu-xing,OpenAI image generation,Project-generated illustration,,reviewed-generated,period-biography-illustrative-prompt,AI-generated interpretive head-and-shoulders illustration; not a historical likeness or documentary image.
shen-dao,generated-illustration,/portraits-generated-v1/shen-dao.webp,,,AI interpretive portrait of shen-dao,OpenAI image generation,Project-generated illustration,,reviewed-generated,period-biography-illustrative-prompt,AI-generated interpretive head-and-shoulders illustration; not a historical likeness or documentary image.
gongsun-long,generated-illustration,/portraits-generated-v1/gongsun-long.webp,,,AI interpretive portrait of gongsun-long,OpenAI image generation,Project-generated illustration,,reviewed-generated,period-biography-illustrative-prompt,AI-generated interpretive head-and-shoulders illustration; not a historical likeness or documentary image.
zou-yan,generated-illustration,/portraits-generated-v1/zou-yan.webp,,,AI interpretive portrait of zou-yan,OpenAI image generation,Project-generated illustration,,reviewed-generated,period-biography-illustrative-prompt,AI-generated interpretive head-and-shoulders illustration; not a historical likeness or documentary image.
xunzi,generated-illustration,/portraits-generated-v1/xunzi.webp,,,AI interpretive portrait of xunzi,OpenAI image generation,Project-generated illustration,,reviewed-generated,period-biography-illustrative-prompt,AI-generated interpretive head-and-shoulders illustration; not a historical likeness or documentary image.
han-fei,generated-illustration,/portraits-generated-v1/han-fei.webp,,,AI interpretive portrait of han-fei,OpenAI image generation,Project-generated illustration,,reviewed-generated,period-biography-illustrative-prompt,AI-generated interpretive head-and-shoulders illustration; not a historical likeness or documentary image.
lu-buwei,generated-illustration,/portraits-generated-v1/lu-buwei.webp,,,AI interpretive portrait of lu-buwei,OpenAI image generation,Project-generated illustration,,reviewed-generated,period-biography-illustrative-prompt,AI-generated interpretive head-and-shoulders illustration; not a historical likeness or documentary image.
li-si,generated-illustration,/portraits-generated-v1/li-si.webp,,,AI interpretive portrait of li-si,OpenAI image generation,Project-generated illustration,,reviewed-generated,period-biography-illustrative-prompt,AI-generated interpretive head-and-shoulders illustration; not a historical likeness or documentary image.
dong-zhongshu,sourced-image,/portraits-finalized-v1/dong-zhongshu.webp,Q445626,https://commons.wikimedia.org/wiki/File:Dong_zhongshu.jpg,Dong zhongshu.jpg,孔继尧,Public domain,,reviewed-head-crop,zhwiki-exact-title-or-redirect,Exact Chinese Wikipedia title or redirect with Wikidata P18; requires final visual identity review. Head-and-shoulders crop visually reviewed for circular display. Head-and-shoulders crop visually reviewed for circular display. Head-and-shoulders crop visually reviewed for circular display.
liu-an,generated-illustration,/portraits-generated-v1/liu-an.webp,,,AI interpretive portrait of liu-an,OpenAI image generation,Project-generated illustration,,reviewed-generated,period-biography-illustrative-prompt,AI-generated interpretive head-and-shoulders illustration; not a historical likeness or documentary image.
sima-tan,generated-illustration,/portraits-generated-v1/sima-tan.webp,,,AI interpretive portrait of sima-tan,OpenAI image generation,Project-generated illustration,,reviewed-generated,period-biography-illustrative-prompt,AI-generated interpretive head-and-shoulders illustration; not a historical likeness or documentary image.
sima-qian,generated-illustration,/portraits-generated-v1/sima-qian.webp,,,AI interpretive portrait of sima-qian,OpenAI image generation,Project-generated illustration,,reviewed-generated,period-biography-illustrative-prompt,AI-generated interpretive head-and-shoulders illustration; not a historical likeness or documentary image.
yang-xiong,generated-illustration,/portraits-generated-v1/yang-xiong.webp,,,AI interpretive portrait of yang-xiong,OpenAI image generation,Project-generated illustration,,reviewed-generated,period-biography-illustrative-prompt,AI-generated interpretive head-and-shoulders illustration; not a historical likeness or documentary image.
huan-tan,generated-illustration,/portraits-generated-v1/huan-tan.webp,,,AI interpretive portrait of huan-tan,OpenAI image generation,Project-generated illustration,,reviewed-generated,period-biography-illustrative-prompt,AI-generated interpretive head-and-shoulders illustration; not a historical likeness or documentary image.
wang-chong,generated-illustration,/portraits-generated-v1/wang-chong.webp,,,AI interpretive portrait of wang-chong,OpenAI image generation,Project-generated illustration,,reviewed-generated,period-biography-illustrative-prompt,AI-generated interpretive head-and-shoulders illustration; not a historical likeness or documentary image.
ban-zhao,sourced-image,/portraits-finalized-v1/ban-zhao.webp,Q177081,https://commons.wikimedia.org/wiki/File:Banzhao.jpg,Banzhao.jpg,,Public domain,,reviewed-head-crop,zhwiki-exact-title-or-redirect,Exact Chinese Wikipedia title or redirect with Wikidata P18; requires final visual identity review. Head-and-shoulders crop visually reviewed for circular display. Head-and-shoulders crop visually reviewed for circular display. Head-and-shoulders crop visually reviewed for circular display.
wang-fu,generated-illustration,/portraits-generated-v1/wang-fu.webp,,,AI interpretive portrait of wang-fu,OpenAI image generation,Project-generated illustration,,reviewed-generated,period-biography-illustrative-prompt,AI-generated interpretive head-and-shoulders illustration; not a historical likeness or documentary image.
zheng-xuan,generated-illustration,/portraits-generated-v1/zheng-xuan.webp,,,AI interpretive portrait of zheng-xuan,OpenAI image generation,Project-generated illustration,,reviewed-generated,period-biography-illustrative-prompt,AI-generated interpretive head-and-shoulders illustration; not a historical likeness or documentary image.
zhongchang-tong,generated-illustration,/portraits-generated-v1/zhongchang-tong.webp,,,AI interpretive portrait of zhongchang-tong,OpenAI image generation,Project-generated illustration,,reviewed-generated,period-biography-illustrative-prompt,AI-generated interpretive head-and-shoulders illustration; not a historical likeness or documentary image.
he-yan,generated-illustration,/portraits-generated-v1/he-yan.webp,,,AI interpretive portrait of he-yan,OpenAI image generation,Project-generated illustration,,reviewed-generated,period-biography-illustrative-prompt,AI-generated interpretive head-and-shoulders illustration; not a historical likeness or documentary image.
ruan-ji,sourced-image,/portraits-finalized-v1/ruan-ji.webp,Q142683,https://commons.wikimedia.org/wiki/File:RuanJi.JPG,RuanJi.JPG,,Public domain,,reviewed-head-crop,zhwiki-exact-title-or-redirect,Exact Chinese Wikipedia title or redirect with Wikidata P18; requires final visual identity review. Head-and-shoulders crop visually reviewed for circular display. Head-and-shoulders crop visually reviewed for circular display. Head-and-shoulders crop visually reviewed for circular display.
wang-bi,generated-illustration,/portraits-generated-v1/wang-bi.webp,,,AI interpretive portrait of wang-bi,OpenAI image generation,Project-generated illustration,,reviewed-generated,period-biography-illustrative-prompt,AI-generated interpretive head-and-shoulders illustration; not a historical likeness or documentary image.
ji-kang,generated-illustration,/portraits-generated-v1/ji-kang.webp,,,AI interpretive portrait of ji-kang,OpenAI image generation,Project-generated illustration,,reviewed-generated,period-biography-illustrative-prompt,AI-generated interpretive head-and-shoulders illustration; not a historical likeness or documentary image.
xiang-xiu,generated-illustration,/portraits-generated-v1/xiang-xiu.webp,,,AI interpretive portrait of xiang-xiu,OpenAI image generation,Project-generated illustration,,reviewed-generated,period-biography-illustrative-prompt,AI-generated interpretive head-and-shoulders illustration; not a historical likeness or documentary image.
guo-xiang,generated-illustration,/portraits-generated-v1/guo-xiang.webp,,,AI interpretive portrait of guo-xiang,OpenAI image generation,Project-generated illustration,,reviewed-generated,period-biography-illustrative-prompt,AI-generated interpretive head-and-shoulders illustration; not a historical likeness or documentary image.
pei-wei,generated-illustration,/portraits-generated-v1/pei-wei.webp,,,AI interpretive portrait of pei-wei,OpenAI image generation,Project-generated illustration,,reviewed-generated,period-biography-illustrative-prompt,AI-generated interpretive head-and-shoulders illustration; not a historical likeness or documentary image.
lu-sheng,generated-illustration,/portraits-generated-v1/lu-sheng.webp,,,AI interpretive portrait of lu-sheng,OpenAI image generation,Project-generated illustration,,reviewed-generated,period-biography-illustrative-prompt,AI-generated interpretive head-and-shoulders illustration; not a historical likeness or documentary image.
ge-hong,sourced-image,/portraits-finalized-v1/ge-hong.webp,Q553678,https://commons.wikimedia.org/wiki/File:%E8%91%9B%E6%B4%AA.jpg,葛洪.jpg,Hannah,Public domain,,reviewed-head-crop,zhwiki-exact-title-or-redirect,Exact Chinese Wikipedia title or redirect with Wikidata P18; requires final visual identity review. Head-and-shoulders crop visually reviewed for circular display. Head-and-shoulders crop visually reviewed for circular display. Head-and-shoulders crop visually reviewed for circular display.
zhi-dun,generated-illustration,/portraits-generated-v1/zhi-dun.webp,,,AI interpretive portrait of zhi-dun,OpenAI image generation,Project-generated illustration,,reviewed-generated,period-biography-illustrative-prompt,AI-generated interpretive head-and-shoulders illustration; not a historical likeness or documentary image.
huiyuan,generated-illustration,/portraits-generated-v1/huiyuan.webp,,,AI interpretive portrait of huiyuan,OpenAI image generation,Project-generated illustration,,reviewed-generated,period-biography-illustrative-prompt,AI-generated interpretive head-and-shoulders illustration; not a historical likeness or documentary image.
sengzhao,generated-illustration,/portraits-generated-v1/sengzhao.webp,,,AI interpretive portrait of sengzhao,OpenAI image generation,Project-generated illustration,,reviewed-generated,period-biography-illustrative-prompt,AI-generated interpretive head-and-shoulders illustration; not a historical likeness or documentary image.
daosheng,generated-illustration,/portraits-generated-v1/daosheng.webp,,,AI interpretive portrait of daosheng,OpenAI image generation,Project-generated illustration,,reviewed-generated,period-biography-illustrative-prompt,AI-generated interpretive head-and-shoulders illustration; not a historical likeness or documentary image.
fan-zhen,generated-illustration,/portraits-generated-v1/fan-zhen.webp,,,AI interpretive portrait of fan-zhen,OpenAI image generation,Project-generated illustration,,reviewed-generated,period-biography-illustrative-prompt,AI-generated interpretive head-and-shoulders illustration; not a historical likeness or documentary image.
bodhidharma,sourced-image,/portraits-finalized-v1/bodhidharma.webp,Q187172,https://commons.wikimedia.org/wiki/File:BodhidharmaYoshitoshi1887.jpg,BodhidharmaYoshitoshi1887.jpg,Yoshitoshi,Public domain,,reviewed-head-crop,zhwiki-exact-title-or-redirect,Exact Chinese Wikipedia title or redirect with Wikidata P18; requires final visual identity review. Head-and-shoulders crop visually reviewed for circular display. Head-and-shoulders crop visually reviewed for circular display. Head-and-shoulders crop visually reviewed for circular display.
zhiyi,sourced-image,/portraits-finalized-v1/zhiyi.webp,Q197778,https://commons.wikimedia.org/wiki/File:Sramana_Zhiyi.jpeg,Sramana Zhiyi.jpeg,Unknown author Unknown author,Public domain,,reviewed-head-crop,zhwiki-exact-title-or-redirect,Exact Chinese Wikipedia title or redirect with Wikidata P18; requires final visual identity review. Head-and-shoulders crop visually reviewed for circular display. Head-and-shoulders crop visually reviewed for circular display. Head-and-shoulders crop visually reviewed for circular display.
jizang,generated-illustration,/portraits-generated-v1/jizang.webp,,,AI interpretive portrait of jizang,OpenAI image generation,Project-generated illustration,,reviewed-generated,period-biography-illustrative-prompt,AI-generated interpretive head-and-shoulders illustration; not a historical likeness or documentary image.
du-shun,generated-illustration,/portraits-generated-v1/du-shun.webp,,,AI interpretive portrait of du-shun,OpenAI image generation,Project-generated illustration,,reviewed-generated,period-biography-illustrative-prompt,AI-generated interpretive head-and-shoulders illustration; not a historical likeness or documentary image.
wang-tong-sui,generated-illustration,/portraits-generated-v1/wang-tong-sui.webp,,,AI interpretive portrait of wang-tong-sui,OpenAI image generation,Project-generated illustration,,reviewed-generated,period-biography-illustrative-prompt,AI-generated interpretive head-and-shoulders illustration; not a historical likeness or documentary image.
xuanzang,generated-illustration,/portraits-generated-v1/xuanzang.webp,,,AI interpretive portrait of xuanzang,OpenAI image generation,Project-generated illustration,,reviewed-generated,period-biography-illustrative-prompt,AI-generated interpretive head-and-shoulders illustration; not a historical likeness or documentary image.
lv-cai,generated-illustration,/portraits-generated-v1/lv-cai.webp,,,AI interpretive portrait of lv-cai,OpenAI image generation,Project-generated illustration,,reviewed-generated,period-biography-illustrative-prompt,AI-generated interpretive head-and-shoulders illustration; not a historical likeness or documentary image.
kuiji,generated-illustration,/portraits-generated-v1/kuiji.webp,,,AI interpretive portrait of kuiji,OpenAI image generation,Project-generated illustration,,reviewed-generated,period-biography-illustrative-prompt,AI-generated interpretive head-and-shoulders illustration; not a historical likeness or documentary image.
shenxiu,generated-illustration,/portraits-generated-v1/shenxiu.webp,,,AI interpretive portrait of shenxiu,OpenAI image generation,Project-generated illustration,,reviewed-generated,period-biography-illustrative-prompt,AI-generated interpretive head-and-shoulders illustration; not a historical likeness or documentary image.
huineng,generated-illustration,/portraits-generated-v1/huineng.webp,,,AI interpretive portrait of huineng,OpenAI image generation,Project-generated illustration,,reviewed-generated,period-biography-illustrative-prompt,AI-generated interpretive head-and-shoulders illustration; not a historical likeness or documentary image.
fazang,generated-illustration,/portraits-generated-v1/fazang.webp,,,AI interpretive portrait of fazang,OpenAI image generation,Project-generated illustration,,reviewed-generated,period-biography-illustrative-prompt,AI-generated interpretive head-and-shoulders illustration; not a historical likeness or documentary image.
shenhui,generated-illustration,/portraits-generated-v1/shenhui.webp,,,AI interpretive portrait of shenhui,OpenAI image generation,Project-generated illustration,,reviewed-generated,period-biography-illustrative-prompt,AI-generated interpretive head-and-shoulders illustration; not a historical likeness or documentary image.
mazu-daoyi,generated-illustration,/portraits-generated-v1/mazu-daoyi.webp,,,AI interpretive portrait of mazu-daoyi,OpenAI image generation,Project-generated illustration,,reviewed-generated,period-biography-illustrative-prompt,AI-generated interpretive head-and-shoulders illustration; not a historical likeness or documentary image.
liu-zongyuan,generated-illustration,/portraits-generated-v1/liu-zongyuan.webp,,,AI interpretive portrait of liu-zongyuan,OpenAI image generation,Project-generated illustration,,reviewed-generated,period-biography-illustrative-prompt,AI-generated interpretive head-and-shoulders illustration; not a historical likeness or documentary image.
han-yu,sourced-image,/portraits-finalized-v1/han-yu.webp,Q318998,https://commons.wikimedia.org/wiki/File:Han_Yu.jpg,Han Yu.jpg,,Public domain,,reviewed-head-crop,zhwiki-exact-title-or-redirect,Exact Chinese Wikipedia title or redirect with Wikidata P18; requires final visual identity review. Head-and-shoulders crop visually reviewed for circular display. Head-and-shoulders crop visually reviewed for circular display. Head-and-shoulders crop visually reviewed for circular display.
li-ao,generated-illustration,/portraits-generated-v1/li-ao.webp,,,AI interpretive portrait of li-ao,OpenAI image generation,Project-generated illustration,,reviewed-generated,period-biography-illustrative-prompt,AI-generated interpretive head-and-shoulders illustration; not a historical likeness or documentary image.
zongmi,generated-illustration,/portraits-generated-v1/zongmi.webp,,,AI interpretive portrait of zongmi,OpenAI image generation,Project-generated illustration,,reviewed-generated,period-biography-illustrative-prompt,AI-generated interpretive head-and-shoulders illustration; not a historical likeness or documentary image.
huangbo-xiyun,generated-illustration,/portraits-generated-v1/huangbo-xiyun.webp,,,AI interpretive portrait of huangbo-xiyun,OpenAI image generation,Project-generated illustration,,reviewed-generated,period-biography-illustrative-prompt,AI-generated interpretive head-and-shoulders illustration; not a historical likeness or documentary image.
linji-yixuan,sourced-image,/portraits-finalized-v1/linji-yixuan.webp,Q326950,https://commons.wikimedia.org/wiki/File:RinzaiGigen.jpg,RinzaiGigen.jpg,曾我蛇足 Soga Jasoku (fl. c. 1300),Public domain,,reviewed-head-crop,zhwiki-exact-title-or-redirect,Exact Chinese Wikipedia title or redirect with Wikidata P18; requires final visual identity review. Head-and-shoulders crop visually reviewed for circular display. Head-and-shoulders crop visually reviewed for circular display. Head-and-shoulders crop visually reviewed for circular display.
wunengzi,generated-illustration,/portraits-generated-v1/wunengzi.webp,,,AI interpretive portrait of wunengzi,OpenAI image generation,Project-generated illustration,,reviewed-generated,period-biography-illustrative-prompt,AI-generated interpretive head-and-shoulders illustration; not a historical likeness or documentary image.
shao-yong,generated-illustration,/portraits-generated-v1/shao-yong.webp,,,AI interpretive portrait of shao-yong,OpenAI image generation,Project-generated illustration,,reviewed-generated,period-biography-illustrative-prompt,AI-generated interpretive head-and-shoulders illustration; not a historical likeness or documentary image.
zhou-dunyi,generated-illustration,/portraits-generated-v1/zhou-dunyi.webp,,,AI interpretive portrait of zhou-dunyi,OpenAI image generation,Project-generated illustration,,reviewed-generated,period-biography-illustrative-prompt,AI-generated interpretive head-and-shoulders illustration; not a historical likeness or documentary image.
zhang-zai,generated-illustration,/portraits-generated-v1/zhang-zai.webp,,,AI interpretive portrait of zhang-zai,OpenAI image generation,Project-generated illustration,,reviewed-generated,period-biography-illustrative-prompt,AI-generated interpretive head-and-shoulders illustration; not a historical likeness or documentary image.
cheng-hao,generated-illustration,/portraits-generated-v1/cheng-hao.webp,,,AI interpretive portrait of cheng-hao,OpenAI image generation,Project-generated illustration,,reviewed-generated,period-biography-illustrative-prompt,AI-generated interpretive head-and-shoulders illustration; not a historical likeness or documentary image.
cheng-yi,sourced-image,/portraits-finalized-v1/cheng-yi.webp,Q558380,https://commons.wikimedia.org/wiki/File:%E5%AE%8B%E5%B4%87%E6%94%BF%E6%AE%BF%E8%AF%B4%E4%B9%A6%E7%A8%8B%E9%A2%90.jpg,宋崇政殿说书程颐.jpg,Unknown author Unknown author,Public domain,,reviewed-head-crop,zhwiki-exact-title-or-redirect,Exact Chinese Wikipedia title or redirect with Wikidata P18; requires final visual identity review. Head-and-shoulders crop visually reviewed for circular display. Head-and-shoulders crop visually reviewed for circular display. Head-and-shoulders crop visually reviewed for circular display.
su-shi,sourced-image,/portraits-finalized-v1/su-shi.webp,Q36020,https://commons.wikimedia.org/wiki/File:Su_shi.jpg,Su shi.jpg,Zhao Mengfu,Public domain,,reviewed-head-crop,zhwiki-exact-title-or-redirect,Exact Chinese Wikipedia title or redirect with Wikidata P18; requires final visual identity review. Head-and-shoulders crop visually reviewed for circular display. Head-and-shoulders crop visually reviewed for circular display. Head-and-shoulders crop visually reviewed for circular display.
hu-hong,generated-illustration,/portraits-generated-v1/hu-hong.webp,,,AI interpretive portrait of hu-hong,OpenAI image generation,Project-generated illustration,,reviewed-generated,period-biography-illustrative-prompt,AI-generated interpretive head-and-shoulders illustration; not a historical likeness or documentary image.
zhang-shi,sourced-image,/portraits-finalized-v1/zhang-shi.webp,Q708644,https://commons.wikimedia.org/wiki/File:%E5%AE%8B%E5%8F%B3%E6%96%87%E6%AE%BF%E4%BF%AE%E6%92%B0%E5%BC%A0%E6%A0%BB.jpg,宋右文殿修撰张栻.jpg,Unknown author Unknown author,Public domain,,reviewed-head-crop,zhwiki-exact-title-or-redirect,Exact Chinese Wikipedia title or redirect with Wikidata P18; requires final visual identity review. Head-and-shoulders crop visually reviewed for circular display. Head-and-shoulders crop visually reviewed for circular display. Head-and-shoulders crop visually reviewed for circular display.
lv-zuqian,generated-illustration,/portraits-generated-v1/lv-zuqian.webp,,,AI interpretive portrait of lv-zuqian,OpenAI image generation,Project-generated illustration,,reviewed-generated,period-biography-illustrative-prompt,AI-generated interpretive head-and-shoulders illustration; not a historical likeness or documentary image.
zhu-xi,generated-illustration,/portraits-generated-v1/zhu-xi.webp,,,AI interpretive portrait of zhu-xi,OpenAI image generation,Project-generated illustration,,reviewed-generated,period-biography-illustrative-prompt,AI-generated interpretive head-and-shoulders illustration; not a historical likeness or documentary image.
lu-jiuyuan,generated-illustration,/portraits-generated-v1/lu-jiuyuan.webp,,,AI interpretive portrait of lu-jiuyuan,OpenAI image generation,Project-generated illustration,,reviewed-generated,period-biography-illustrative-prompt,AI-generated interpretive head-and-shoulders illustration; not a historical likeness or documentary image.
chen-liang,generated-illustration,/portraits-generated-v1/chen-liang.webp,,,AI interpretive portrait of chen-liang,OpenAI image generation,Project-generated illustration,,reviewed-generated,period-biography-illustrative-prompt,AI-generated interpretive head-and-shoulders illustration; not a historical likeness or documentary image.
ye-shi,generated-illustration,/portraits-generated-v1/ye-shi.webp,,,AI interpretive portrait of ye-shi,OpenAI image generation,Project-generated illustration,,reviewed-generated,period-biography-illustrative-prompt,AI-generated interpretive head-and-shoulders illustration; not a historical likeness or documentary image.
xu-heng,generated-illustration,/portraits-generated-v1/xu-heng.webp,,,AI interpretive portrait of xu-heng,OpenAI image generation,Project-generated illustration,,reviewed-generated,period-biography-illustrative-prompt,AI-generated interpretive head-and-shoulders illustration; not a historical likeness or documentary image.
wang-yinglin,generated-illustration,/portraits-generated-v1/wang-yinglin.webp,,,AI interpretive portrait of wang-yinglin,OpenAI image generation,Project-generated illustration,,reviewed-generated,period-biography-illustrative-prompt,AI-generated interpretive head-and-shoulders illustration; not a historical likeness or documentary image.
wu-cheng,generated-illustration,/portraits-generated-v1/wu-cheng.webp,,,AI interpretive portrait of wu-cheng,OpenAI image generation,Project-generated illustration,,reviewed-generated,period-biography-illustrative-prompt,AI-generated interpretive head-and-shoulders illustration; not a historical likeness or documentary image.
wu-yubi,generated-illustration,/portraits-generated-v1/wu-yubi.webp,,,AI interpretive portrait of wu-yubi,OpenAI image generation,Project-generated illustration,,reviewed-generated,period-biography-illustrative-prompt,AI-generated interpretive head-and-shoulders illustration; not a historical likeness or documentary image.
chen-xianzhang,generated-illustration,/portraits-generated-v1/chen-xianzhang.webp,,,AI interpretive portrait of chen-xianzhang,OpenAI image generation,Project-generated illustration,,reviewed-generated,period-biography-illustrative-prompt,AI-generated interpretive head-and-shoulders illustration; not a historical likeness or documentary image.
wang-yangming,generated-illustration,/portraits-generated-v1/wang-yangming.webp,,,AI interpretive portrait of wang-yangming,OpenAI image generation,Project-generated illustration,,reviewed-generated,period-biography-illustrative-prompt,AI-generated interpretive head-and-shoulders illustration; not a historical likeness or documentary image.
zhan-ruoshui,generated-illustration,/portraits-generated-v1/zhan-ruoshui.webp,,,AI interpretive portrait of zhan-ruoshui,OpenAI image generation,Project-generated illustration,,reviewed-generated,period-biography-illustrative-prompt,AI-generated interpretive head-and-shoulders illustration; not a historical likeness or documentary image.
luo-qinshun,generated-illustration,/portraits-generated-v1/luo-qinshun.webp,,,AI interpretive portrait of luo-qinshun,OpenAI image generation,Project-generated illustration,,reviewed-generated,period-biography-illustrative-prompt,AI-generated interpretive head-and-shoulders illustration; not a historical likeness or documentary image.
wang-gen,generated-illustration,/portraits-generated-v1/wang-gen.webp,,,AI interpretive portrait of wang-gen,OpenAI image generation,Project-generated illustration,,reviewed-generated,period-biography-illustrative-prompt,AI-generated interpretive head-and-shoulders illustration; not a historical likeness or documentary image.
wang-tingxiang,generated-illustration,/portraits-generated-v1/wang-tingxiang.webp,,,AI interpretive portrait of wang-tingxiang,OpenAI image generation,Project-generated illustration,,reviewed-generated,period-biography-illustrative-prompt,AI-generated interpretive head-and-shoulders illustration; not a historical likeness or documentary image.
qian-dehong,generated-illustration,/portraits-generated-v1/qian-dehong.webp,,,AI interpretive portrait of qian-dehong,OpenAI image generation,Project-generated illustration,,reviewed-generated,period-biography-illustrative-prompt,AI-generated interpretive head-and-shoulders illustration; not a historical likeness or documentary image.
wang-ji,generated-illustration,/portraits-generated-v1/wang-ji.webp,,,AI interpretive portrait of wang-ji,OpenAI image generation,Project-generated illustration,,reviewed-generated,period-biography-illustrative-prompt,AI-generated interpretive head-and-shoulders illustration; not a historical likeness or documentary image.
luo-rufang,generated-illustration,/portraits-generated-v1/luo-rufang.webp,,,AI interpretive portrait of luo-rufang,OpenAI image generation,Project-generated illustration,,reviewed-generated,period-biography-illustrative-prompt,AI-generated interpretive head-and-shoulders illustration; not a historical likeness or documentary image.
li-zhi,generated-illustration,/portraits-generated-v1/li-zhi.webp,,,AI interpretive portrait of li-zhi,OpenAI image generation,Project-generated illustration,,reviewed-generated,period-biography-illustrative-prompt,AI-generated interpretive head-and-shoulders illustration; not a historical likeness or documentary image.
lv-kun,generated-illustration,/portraits-generated-v1/lv-kun.webp,,,AI interpretive portrait of lv-kun,OpenAI image generation,Project-generated illustration,,reviewed-generated,period-biography-illustrative-prompt,AI-generated interpretive head-and-shoulders illustration; not a historical likeness or documentary image.
gao-panlong,generated-illustration,/portraits-generated-v1/gao-panlong.webp,,,AI interpretive portrait of gao-panlong,OpenAI image generation,Project-generated illustration,,reviewed-generated,period-biography-illustrative-prompt,AI-generated interpretive head-and-shoulders illustration; not a historical likeness or documentary image.
gu-xiancheng,generated-illustration,/portraits-generated-v1/gu-xiancheng.webp,,,AI interpretive portrait of gu-xiancheng,OpenAI image generation,Project-generated illustration,,reviewed-generated,period-biography-illustrative-prompt,AI-generated interpretive head-and-shoulders illustration; not a historical likeness or documentary image.
liu-zongzhou,sourced-image,/portraits-finalized-v1/liu-zongzhou.webp,Q10816714,https://commons.wikimedia.org/wiki/File:%E5%8A%89%E5%AE%97%E5%91%A8%E5%83%8F.jpg,劉宗周像.jpg,陈梦鹤,Public domain,,reviewed-head-crop,zhwiki-exact-title-or-redirect,Exact Chinese Wikipedia title or redirect with Wikidata P18; requires final visual identity review. Head-and-shoulders crop visually reviewed for circular display. Head-and-shoulders crop visually reviewed for circular display. Head-and-shoulders crop visually reviewed for circular display.
wang-daiyu,generated-illustration,/portraits-generated-v1/wang-daiyu.webp,,,AI interpretive portrait of wang-daiyu,OpenAI image generation,Project-generated illustration,,reviewed-generated,period-biography-illustrative-prompt,AI-generated interpretive head-and-shoulders illustration; not a historical likeness or documentary image.
fang-yizhi,generated-illustration,/portraits-generated-v1/fang-yizhi.webp,,,AI interpretive portrait of fang-yizhi,OpenAI image generation,Project-generated illustration,,reviewed-generated,period-biography-illustrative-prompt,AI-generated interpretive head-and-shoulders illustration; not a historical likeness or documentary image.
gu-yanwu,sourced-image,/portraits-finalized-v1/gu-yanwu.webp,Q1195906,https://commons.wikimedia.org/wiki/File:Gu_yanwu.jpg,Gu yanwu.jpg,葉衍蘭輯，黃小泉摹繪，,Public domain,,reviewed-head-crop,zhwiki-exact-title-or-redirect,Exact Chinese Wikipedia title or redirect with Wikidata P18; requires final visual identity review. Head-and-shoulders crop visually reviewed for circular display. Head-and-shoulders crop visually reviewed for circular display. Head-and-shoulders crop visually reviewed for circular display.
huang-zongxi,generated-illustration,/portraits-generated-v1/huang-zongxi.webp,,,AI interpretive portrait of huang-zongxi,OpenAI image generation,Project-generated illustration,,reviewed-generated,period-biography-illustrative-prompt,AI-generated interpretive head-and-shoulders illustration; not a historical likeness or documentary image.
wang-fuzhi,generated-illustration,/portraits-generated-v1/wang-fuzhi.webp,,,AI interpretive portrait of wang-fuzhi,OpenAI image generation,Project-generated illustration,,reviewed-generated,period-biography-illustrative-prompt,AI-generated interpretive head-and-shoulders illustration; not a historical likeness or documentary image.
yan-yuan,sourced-image,/portraits-finalized-v1/yan-yuan.webp,Q1151004,https://commons.wikimedia.org/wiki/File:%E9%A1%8F%E5%85%83.jpg,顏元.jpg,叶公绰辑，杨鹏秋摹绘。,Public domain,,reviewed-head-crop,zhwiki-exact-title-or-redirect,Exact Chinese Wikipedia title or redirect with Wikidata P18; requires final visual identity review. Head-and-shoulders crop visually reviewed for circular display. Head-and-shoulders crop visually reviewed for circular display. Head-and-shoulders crop visually reviewed for circular display.
ma-zhu,generated-illustration,/portraits-generated-v1/ma-zhu.webp,,,AI interpretive portrait of ma-zhu,OpenAI image generation,Project-generated illustration,,reviewed-generated,period-biography-illustrative-prompt,AI-generated interpretive head-and-shoulders illustration; not a historical likeness or documentary image.
tang-zhen,generated-illustration,/portraits-generated-v1/tang-zhen.webp,,,AI interpretive portrait of tang-zhen,OpenAI image generation,Project-generated illustration,,reviewed-generated,period-biography-illustrative-prompt,AI-generated interpretive head-and-shoulders illustration; not a historical likeness or documentary image.
li-gong,generated-illustration,/portraits-generated-v1/li-gong.webp,,,AI interpretive portrait of li-gong,OpenAI image generation,Project-generated illustration,,reviewed-generated,period-biography-illustrative-prompt,AI-generated interpretive head-and-shoulders illustration; not a historical likeness or documentary image.
liu-zhi,generated-illustration,/portraits-generated-v1/liu-zhi.webp,,,AI interpretive portrait of liu-zhi,OpenAI image generation,Project-generated illustration,,reviewed-generated,period-biography-illustrative-prompt,AI-generated interpretive head-and-shoulders illustration; not a historical likeness or documentary image.
dai-zhen,generated-illustration,/portraits-generated-v1/dai-zhen.webp,,,AI interpretive portrait of dai-zhen,OpenAI image generation,Project-generated illustration,,reviewed-generated,period-biography-illustrative-prompt,AI-generated interpretive head-and-shoulders illustration; not a historical likeness or documentary image.
zhang-xuecheng,generated-illustration,/portraits-generated-v1/zhang-xuecheng.webp,,,AI interpretive portrait of zhang-xuecheng,OpenAI image generation,Project-generated illustration,,reviewed-generated,period-biography-illustrative-prompt,AI-generated interpretive head-and-shoulders illustration; not a historical likeness or documentary image.
jiao-xun,generated-illustration,/portraits-generated-v1/jiao-xun.webp,,,AI interpretive portrait of jiao-xun,OpenAI image generation,Project-generated illustration,,reviewed-generated,period-biography-illustrative-prompt,AI-generated interpretive head-and-shoulders illustration; not a historical likeness or documentary image.
ruan-yuan,sourced-image,/portraits-finalized-v1/ruan-yuan.webp,Q716358,https://commons.wikimedia.org/wiki/File:%E9%98%AE%E5%85%83.jpg,阮元.jpg,清叶衍兰辑摹，黄小泉绘。,Public domain,,reviewed-head-crop,zhwiki-exact-title-or-redirect,Exact Chinese Wikipedia title or redirect with Wikidata P18; requires final visual identity review. Head-and-shoulders crop visually reviewed for circular display. Head-and-shoulders crop visually reviewed for circular display. Head-and-shoulders crop visually reviewed for circular display.
gong-zizhen,generated-illustration,/portraits-generated-v1/gong-zizhen.webp,,,AI interpretive portrait of gong-zizhen,OpenAI image generation,Project-generated illustration,,reviewed-generated,period-biography-illustrative-prompt,AI-generated interpretive head-and-shoulders illustration; not a historical likeness or documentary image.
wei-yuan,sourced-image,/portraits-finalized-v1/wei-yuan.webp,Q597003,https://commons.wikimedia.org/wiki/File:Wei_Yuan.png,Wei Yuan.png,叶衍兰,Public domain,,reviewed-head-crop,zhwiki-exact-title-or-redirect,Exact Chinese Wikipedia title or redirect with Wikidata P18; requires final visual identity review. Head-and-shoulders crop visually reviewed for circular display. Head-and-shoulders crop visually reviewed for circular display. Head-and-shoulders crop visually reviewed for circular display.
feng-guifen,generated-illustration,/portraits-generated-v1/feng-guifen.webp,,,AI interpretive portrait of feng-guifen,OpenAI image generation,Project-generated illustration,,reviewed-generated,period-biography-illustrative-prompt,AI-generated interpretive head-and-shoulders illustration; not a historical likeness or documentary image.
tan-sitong,generated-illustration,/portraits-generated-v1/tan-sitong.webp,,,AI interpretive portrait of tan-sitong,OpenAI image generation,Project-generated illustration,,reviewed-generated,period-biography-illustrative-prompt,AI-generated interpretive head-and-shoulders illustration; not a historical likeness or documentary image.
yan-fu,sourced-image,/portraits-finalized-v1/yan-fu.webp,Q559957,https://commons.wikimedia.org/wiki/File:Yan_fu.jpg,Yan fu.jpg,Anonymous Unknown author,Public domain,,reviewed-head-crop,zhwiki-exact-title-or-redirect,Exact Chinese Wikipedia title or redirect with Wikidata P18; requires final visual identity review. Head-and-shoulders crop visually reviewed for circular display. Head-and-shoulders crop visually reviewed for circular display. Head-and-shoulders crop visually reviewed for circular display.
kang-youwei,generated-illustration,/portraits-generated-v1/kang-youwei.webp,,,AI interpretive portrait of kang-youwei,OpenAI image generation,Project-generated illustration,,reviewed-generated,period-biography-illustrative-prompt,AI-generated interpretive head-and-shoulders illustration; not a historical likeness or documentary image.
liang-qichao,sourced-image,/portraits-finalized-v1/liang-qichao.webp,Q379836,https://commons.wikimedia.org/wiki/File:MinistroDeJusticiaLiangQichao.jpg,MinistroDeJusticiaLiangQichao.jpg,Rowanwindwhistler,Public domain,,reviewed-head-crop,zhwiki-exact-title-or-redirect,Exact Chinese Wikipedia title or redirect with Wikidata P18; requires final visual identity review. Head-and-shoulders crop visually reviewed for circular display. Head-and-shoulders crop visually reviewed for circular display. Head-and-shoulders crop visually reviewed for circular display.
sun-yat-sen,sourced-image,/portraits-finalized-v1/sun-yat-sen.webp,Q8573,https://commons.wikimedia.org/wiki/File:%E5%AD%99%E4%B8%AD%E5%B1%B1%E8%82%96%E5%83%8F.jpg,孙中山肖像.jpg,上海波尔照相馆,Public domain,,reviewed-head-crop,zhwiki-exact-title-or-redirect,Exact Chinese Wikipedia title or redirect with Wikidata P18; requires final visual identity review. Head-and-shoulders crop visually reviewed for circular display. Head-and-shoulders crop visually reviewed for circular display. Head-and-shoulders crop visually reviewed for circular display.
zhang-taiyan,sourced-image,/portraits-finalized-v1/zhang-taiyan.webp,Q197162,https://commons.wikimedia.org/wiki/File:Zhangtaiyan1899.jpg,Zhangtaiyan1899.jpg,​照片攝影者未知;redbrow製作,Public domain,,reviewed-head-crop,zhwiki-exact-title-or-redirect,Exact Chinese Wikipedia title or redirect with Wikidata P18; requires final visual identity review. Head-and-shoulders crop visually reviewed for circular display. Head-and-shoulders crop visually reviewed for circular display. Head-and-shoulders crop visually reviewed for circular display.
he-zhen,generated-illustration,/portraits-generated-v1/he-zhen.webp,,,AI interpretive portrait of he-zhen,OpenAI image generation,Project-generated illustration,,reviewed-generated,period-biography-illustrative-prompt,AI-generated interpretive head-and-shoulders illustration; not a historical likeness or documentary image.
cai-yuanpei,generated-illustration,/portraits-generated-v1/cai-yuanpei.webp,,,AI interpretive portrait of cai-yuanpei,OpenAI image generation,Project-generated illustration,,reviewed-generated,period-biography-illustrative-prompt,AI-generated interpretive head-and-shoulders illustration; not a historical likeness or documentary image.
hu-shi,sourced-image,/portraits-finalized-v1/hu-shi.webp,Q47667,https://commons.wikimedia.org/wiki/File:Hu_Shih.jpg,Hu Shih.jpg,Unknown; scanned by 天竺鼠 ( talk ),Public domain,,reviewed-head-crop,zhwiki-exact-title-or-redirect,Exact Chinese Wikipedia title or redirect with Wikidata P18; requires final visual identity review. Head-and-shoulders crop visually reviewed for circular display. Head-and-shoulders crop visually reviewed for circular display. Head-and-shoulders crop visually reviewed for circular display.
liang-shuming,generated-illustration,/portraits-generated-v1/liang-shuming.webp,,,AI interpretive portrait of liang-shuming,OpenAI image generation,Project-generated illustration,,reviewed-generated,period-biography-illustrative-prompt,AI-generated interpretive head-and-shoulders illustration; not a historical likeness or documentary image.
lu-xun,generated-illustration,/portraits-generated-v1/lu-xun.webp,,,AI interpretive portrait of lu-xun,OpenAI image generation,Project-generated illustration,,reviewed-generated,period-biography-illustrative-prompt,AI-generated interpretive head-and-shoulders illustration; not a historical likeness or documentary image.
li-da,generated-illustration,/portraits-generated-v1/li-da.webp,,,AI interpretive portrait of li-da,OpenAI image generation,Project-generated illustration,,reviewed-generated,period-biography-illustrative-prompt,AI-generated interpretive head-and-shoulders illustration; not a historical likeness or documentary image.
ma-yifu,generated-illustration,/portraits-generated-v1/ma-yifu.webp,,,AI interpretive portrait of ma-yifu,OpenAI image generation,Project-generated illustration,,reviewed-generated,period-biography-illustrative-prompt,AI-generated interpretive head-and-shoulders illustration; not a historical likeness or documentary image.
xiong-shili,generated-illustration,/portraits-generated-v1/xiong-shili.webp,,,AI interpretive portrait of xiong-shili,OpenAI image generation,Project-generated illustration,,reviewed-generated,period-biography-illustrative-prompt,AI-generated interpretive head-and-shoulders illustration; not a historical likeness or documentary image.
zhang-dongsun,sourced-image,/portraits-finalized-v1/zhang-dongsun.webp,Q564886,https://commons.wikimedia.org/wiki/File:Zhang_Dongsun2.jpg,Zhang Dongsun2.jpg,Unknown; scanned by Internet Archive ( https://archive.org/ ),Public domain,,reviewed-head-crop,zhwiki-exact-title-or-redirect,Exact Chinese Wikipedia title or redirect with Wikidata P18; requires final visual identity review. Head-and-shoulders crop visually reviewed for circular display. Head-and-shoulders crop visually reviewed for circular display. Head-and-shoulders crop visually reviewed for circular display.
zhang-junmai,sourced-image,/portraits-finalized-v1/zhang-junmai.webp,Q2782947,https://commons.wikimedia.org/wiki/File:Zhang_Junmai.jpg,Zhang Junmai.jpg,"Unknown; scanned by 天竺鼠 ( talk ) 16:21, 25 December 2010 (UTC)",Public domain,,reviewed-head-crop,zhwiki-exact-title-or-redirect,Exact Chinese Wikipedia title or redirect with Wikidata P18; requires final visual identity review. Head-and-shoulders crop visually reviewed for circular display. Head-and-shoulders crop visually reviewed for circular display. Head-and-shoulders crop visually reviewed for circular display.
ai-siqi,generated-illustration,/portraits-generated-v1/ai-siqi.webp,,,AI interpretive portrait of ai-siqi,OpenAI image generation,Project-generated illustration,,reviewed-generated,period-biography-illustrative-prompt,AI-generated interpretive head-and-shoulders illustration; not a historical likeness or documentary image.
feng-youlan,generated-illustration,/portraits-generated-v1/feng-youlan.webp,,,AI interpretive portrait of feng-youlan,OpenAI image generation,Project-generated illustration,,reviewed-generated,period-biography-illustrative-prompt,AI-generated interpretive head-and-shoulders illustration; not a historical likeness or documentary image.
jin-yuelin,generated-illustration,/portraits-generated-v1/jin-yuelin.webp,,,AI interpretive portrait of jin-yuelin,OpenAI image generation,Project-generated illustration,,reviewed-generated,period-biography-illustrative-prompt,AI-generated interpretive head-and-shoulders illustration; not a historical likeness or documentary image.
he-lin,generated-illustration,/portraits-generated-v1/he-lin.webp,,,AI interpretive portrait of he-lin,OpenAI image generation,Project-generated illustration,,reviewed-generated,period-biography-illustrative-prompt,AI-generated interpretive head-and-shoulders illustration; not a historical likeness or documentary image.
mao-zedong,sourced-image,/portraits-finalized-v1/mao-zedong.webp,Q5816,https://commons.wikimedia.org/wiki/File:Mao_Tse_Tung.jpg,Mao Tse Tung.jpg,Chen Zhengqing (1917–1966),Public domain,,reviewed-head-crop,zhwiki-exact-title-or-redirect,Exact Chinese Wikipedia title or redirect with Wikidata P18; requires final visual identity review. Head-and-shoulders crop visually reviewed for circular display. Head-and-shoulders crop visually reviewed for circular display. Head-and-shoulders crop visually reviewed for circular display.
qian-mu,sourced-image,/portraits-finalized-v1/qian-mu.webp,Q707313,https://commons.wikimedia.org/wiki/File:Qian_Mu.jpg,Qian Mu.jpg,Unknown author Unknown author,Public domain,,reviewed-head-crop,zhwiki-exact-title-or-redirect,Exact Chinese Wikipedia title or redirect with Wikidata P18; requires final visual identity review. Head-and-shoulders crop visually reviewed for circular display. Head-and-shoulders crop visually reviewed for circular display. Head-and-shoulders crop visually reviewed for circular display.
fang-dongmei,generated-illustration,/portraits-generated-v1/fang-dongmei.webp,,,AI interpretive portrait of fang-dongmei,OpenAI image generation,Project-generated illustration,,reviewed-generated,period-biography-illustrative-prompt,AI-generated interpretive head-and-shoulders illustration; not a historical likeness or documentary image.
tang-junyi,sourced-image,/portraits-finalized-v1/tang-junyi.webp,Q7682698,https://commons.wikimedia.org/wiki/File:Tang_Chun-i_-_New_Asia_College_and_Yale-China_Association_Cooperation_1954_(cropped).jpg,Tang Chun-i - New Asia College and Yale-China Association Cooperation 1954 (cropped).jpg,Unknown author Unknown author,Public domain,,reviewed-head-crop,zhwiki-exact-title-or-redirect,Exact Chinese Wikipedia title or redirect with Wikidata P18; requires final visual identity review. Head-and-shoulders crop visually reviewed for circular display. Head-and-shoulders crop visually reviewed for circular display. Head-and-shoulders crop visually reviewed for circular display.
mou-zongsan,generated-illustration,/portraits-generated-v1/mou-zongsan.webp,,,AI interpretive portrait of mou-zongsan,OpenAI image generation,Project-generated illustration,,reviewed-generated,period-biography-illustrative-prompt,AI-generated interpretive head-and-shoulders illustration; not a historical likeness or documentary image.
xu-fuguan,sourced-image,/portraits-finalized-v1/xu-fuguan.webp,Q3571061,https://commons.wikimedia.org/wiki/File:%E5%BE%90%E5%BE%A9%E8%A7%80_01.jpg,徐復觀 01.jpg,Unknown author Unknown author,Public domain,,reviewed-head-crop,zhwiki-exact-title-or-redirect,Exact Chinese Wikipedia title or redirect with Wikidata P18; requires final visual identity review. Head-and-shoulders crop visually reviewed for circular display. Head-and-shoulders crop visually reviewed for circular display. Head-and-shoulders crop visually reviewed for circular display.
feng-qi,generated-illustration,/portraits-generated-v1/feng-qi.webp,,,AI interpretive portrait of feng-qi,OpenAI image generation,Project-generated illustration,,reviewed-generated,period-biography-illustrative-prompt,AI-generated interpretive head-and-shoulders illustration; not a historical likeness or documentary image.
zhang-dainian,generated-illustration,/portraits-generated-v1/zhang-dainian.webp,,,AI interpretive portrait of zhang-dainian,OpenAI image generation,Project-generated illustration,,reviewed-generated,period-biography-illustrative-prompt,AI-generated interpretive head-and-shoulders illustration; not a historical likeness or documentary image.
lao-sze-kwang,generated-illustration,/portraits-generated-v1/lao-sze-kwang.webp,,,AI interpretive portrait of lao-sze-kwang,OpenAI image generation,Project-generated illustration,,reviewed-generated,period-biography-illustrative-prompt,AI-generated interpretive head-and-shoulders illustration; not a historical likeness or documentary image.
li-zehou,generated-illustration,/portraits-generated-v1/li-zehou.webp,,,AI interpretive portrait of li-zehou,OpenAI image generation,Project-generated illustration,,reviewed-generated,period-biography-illustrative-prompt,AI-generated interpretive head-and-shoulders illustration; not a historical likeness or documentary image.
wang-ruoshui,generated-illustration,/portraits-generated-v1/wang-ruoshui.webp,,,AI interpretive portrait of wang-ruoshui,OpenAI image generation,Project-generated illustration,,reviewed-generated,period-biography-illustrative-prompt,AI-generated interpretive head-and-shoulders illustration; not a historical likeness or documentary image.
zhang-shiying,generated-illustration,/portraits-generated-v1/zhang-shiying.webp,,,AI interpretive portrait of zhang-shiying,OpenAI image generation,Project-generated illustration,,reviewed-generated,period-biography-illustrative-prompt,AI-generated interpretive head-and-shoulders illustration; not a historical likeness or documentary image.
cheng-chung-ying,generated-illustration,/portraits-generated-v1/cheng-chung-ying.webp,,,AI interpretive portrait of cheng-chung-ying,OpenAI image generation,Project-generated illustration,,reviewed-generated,period-biography-illustrative-prompt,AI-generated interpretive head-and-shoulders illustration; not a historical likeness or documentary image.
tu-weiming,generated-illustration,/portraits-generated-v1/tu-weiming.webp,,,AI interpretive portrait of tu-weiming,OpenAI image generation,Project-generated illustration,,reviewed-generated,period-biography-illustrative-prompt,AI-generated interpretive head-and-shoulders illustration; not a historical likeness or documentary image.
chen-lai,generated-illustration,/portraits-generated-v1/chen-lai.webp,,,AI interpretive portrait of chen-lai,OpenAI image generation,Project-generated illustration,,reviewed-generated,period-biography-illustrative-prompt,AI-generated interpretive head-and-shoulders illustration; not a historical likeness or documentary image.
huang-yong,generated-illustration,/portraits-generated-v1/huang-yong.webp,,,AI interpretive portrait of huang-yong,OpenAI image generation,Project-generated illustration,,reviewed-generated,period-biography-illustrative-prompt,AI-generated interpretive head-and-shoulders illustration; not a historical likeness or documentary image.
jiang-qing,generated-illustration,/portraits-generated-v1/jiang-qing.webp,,,AI interpretive portrait of jiang-qing,OpenAI image generation,Project-generated illustration,,reviewed-generated,period-biography-illustrative-prompt,AI-generated interpretive head-and-shoulders illustration; not a historical likeness or documentary image.
robin-wang,generated-illustration,/portraits-generated-v1/robin-wang.webp,,,AI interpretive portrait of robin-wang,OpenAI image generation,Project-generated illustration,,reviewed-generated,period-biography-illustrative-prompt,AI-generated interpretive head-and-shoulders illustration; not a historical likeness or documentary image.
wang-hui,sourced-image,/portraits-finalized-v1/wang-hui.webp,Q3503449,"https://commons.wikimedia.org/wiki/File:Wang_Hui,_Berlin_2016.jpg","Wang Hui, Berlin 2016.jpg",Rosa-Luxemburg-Stiftung,CC BY 3.0,https://creativecommons.org/licenses/by/3.0,reviewed-head-crop,zhwiki-exact-title-or-redirect,Exact Chinese Wikipedia title or redirect with Wikidata P18; requires final visual identity review. Head-and-shoulders crop visually reviewed for circular display. Head-and-shoulders crop visually reviewed for circular display. Head-and-shoulders crop visually reviewed for circular display.
yang-guorong,generated-illustration,/portraits-generated-v1/yang-guorong.webp,,,AI interpretive portrait of yang-guorong,OpenAI image generation,Project-generated illustration,,reviewed-generated,period-biography-illustrative-prompt,AI-generated interpretive head-and-shoulders illustration; not a historical likeness or documentary image.
li-chenyang,generated-illustration,/portraits-generated-v1/li-chenyang.webp,,,AI interpretive portrait of li-chenyang,OpenAI image generation,Project-generated illustration,,reviewed-generated,period-biography-illustrative-prompt,AI-generated interpretive head-and-shoulders illustration; not a historical likeness or documentary image.
zhao-tingyang,generated-illustration,/portraits-generated-v1/zhao-tingyang.webp,,,AI interpretive portrait of zhao-tingyang,OpenAI image generation,Project-generated illustration,,reviewed-generated,period-biography-illustrative-prompt,AI-generated interpretive head-and-shoulders illustration; not a historical likeness or documentary image.
bai-tongdong,generated-illustration,/portraits-generated-v1/bai-tongdong.webp,,,AI interpretive portrait of bai-tongdong,OpenAI image generation,Project-generated illustration,,reviewed-generated,period-biography-illustrative-prompt,AI-generated interpretive head-and-shoulders illustration; not a historical likeness or documentary image.
