id,person_id,content_type,active_year,sort_order,is_introductory,domain_ids,review_status,reviewer,reviewed_at
fuxi-textual-image-patterns-to-trigrams,fuxi,position,-2900,1,true,tiandao-metaphysics;knowledge-method,source-reviewed,legendary-founders-2026-07-15-a,2026-07-17
shennong-textual-image-empirical-benefit,shennong,position,-2800,1,true,nature-technology,source-reviewed,legendary-founders-2026-07-15-a,2026-07-17
huangdi-medical-tradition-regulated-life,huangdi,position,-2700,1,true,nature-technology;ethics-cultivation;mind-human-nature,source-reviewed,legendary-founders-2026-07-15-a,2026-07-17
yao-textual-image-virtue-expands-to-all-under-heaven,yao,position,-2300,1,true,politics-governance;ethics-cultivation;society-world,source-reviewed,legendary-founders-2026-07-15-a,2026-07-17
shun-textual-image-balanced-character-music-education,shun,position,-2200,1,true,education-hermeneutics;aesthetics-art;ethics-cultivation,source-reviewed,legendary-founders-2026-07-15-a,2026-07-17
yu-textual-image-good-government-nourishes-people,yu-the-great,position,-2100,1,true,politics-governance;society-world;ethics-cultivation,source-reviewed,legendary-founders-2026-07-15-a,2026-07-17
king-wen-textual-tradition-qian-constancy,king-wen-zhou,position,-1100,1,true,tiandao-metaphysics;ethics-cultivation,source-reviewed,legendary-founders-2026-07-15-a,2026-07-17
duke-zhou-textual-image-bright-virtue-cautious-punishment,duke-zhou,position,-1040,1,true,politics-governance;ritual-law;ethics-cultivation,source-reviewed,legendary-founders-2026-07-15-a,2026-07-17
guan-zhong-material-security-moral-order,guan-zhong,position,-680,1,true,politics-governance;society-world;ethics-cultivation,source-reviewed,classical-2-2026-07-14-a,2026-07-17
laozi-language-dao,laozi,position,-550,1,true,tiandao-metaphysics;names-language,source-reviewed,phase1-editorial,2026-07-13
laozi-wuwei-transformation,laozi,position,-550,2,true,tiandao-metaphysics;politics-governance,source-reviewed,phase1-editorial,2026-07-13
laozi-model-naturalness,laozi,position,-550,3,true,tiandao-metaphysics;nature-technology,source-reviewed,phase1-editorial,2026-07-13
laozi-reversal-dao,laozi,position,-550,4,false,tiandao-metaphysics,source-reviewed,phase1-editorial,2026-07-14
laozi-softness-overcomes,laozi,position,-550,5,false,tiandao-metaphysics;politics-governance;nature-technology,source-reviewed,phase1-editorial,2026-07-14
laozi-contentment,laozi,position,-550,6,false,ethics-cultivation,source-reviewed,phase1-editorial,2026-07-14
yan-ying-harmony-not-sameness,yan-ying,position,-530,1,true,politics-governance;ethics-cultivation,source-reviewed,codex-ultimate-candidate-expansion-2026-07-17,2026-07-17
confucius-ren-ritual,confucius,position,-515,1,true,ethics-cultivation;ritual-law,source-reviewed,phase1-editorial,2026-07-13
confucius-reciprocity,confucius,position,-515,2,true,ethics-cultivation,source-reviewed,phase1-editorial,2026-07-13
confucius-rule-virtue,confucius,position,-515,3,true,ethics-cultivation;politics-governance,source-reviewed,phase1-editorial,2026-07-13
confucius-rectification-names,confucius,position,-515,4,false,names-language;ethics-cultivation;politics-governance,source-reviewed,phase1-editorial,2026-07-14
confucius-superior-person,confucius,position,-515,5,false,ethics-cultivation,source-reviewed,phase1-editorial,2026-07-14
confucius-harmony-difference,confucius,position,-515,6,false,ethics-cultivation;politics-governance;history-culture,source-reviewed,phase1-editorial,2026-07-14
sunzi-victory-before-battle,sunzi,position,-500,1,true,politics-governance;knowledge-method,source-reviewed,classical-2-2026-07-14-a,2026-07-17
yan-hui-learning-culture-ritual,yan-hui,position,-500,1,true,education-hermeneutics;ethics-cultivation;ritual-law,source-reviewed,classical-2-2026-07-14-a,2026-07-17
zengzi-confucian-way-zhong-shu,zengzi,position,-470,1,true,ethics-cultivation,source-reviewed,classical-2-2026-07-14-a,2026-07-17
mozi-inclusive-care,mozi,position,-430,1,true,ethics-cultivation;politics-governance,source-reviewed,phase1-editorial,2026-07-13
mozi-care-order,mozi,position,-430,2,true,ethics-cultivation;politics-governance,source-reviewed,phase1-editorial,2026-07-13
mozi-merit-office,mozi,position,-430,3,true,politics-governance,source-reviewed,phase1-editorial,2026-07-13
mozi-condemn-offensive-war,mozi,position,-430,4,false,ethics-cultivation;politics-governance,source-reviewed,phase1-editorial,2026-07-14
mozi-will-heaven,mozi,position,-430,5,false,tiandao-metaphysics;ethics-cultivation;politics-governance,source-reviewed,phase1-editorial,2026-07-14
mozi-frugality,mozi,position,-430,6,false,ethics-cultivation;politics-governance;society-world,source-reviewed,phase1-editorial,2026-07-14
zisi-sincerity-heaven-human-way,zisi,position,-430,1,true,tiandao-metaphysics;ethics-cultivation,source-reviewed,classical-2-2026-07-14-a,2026-07-17
liezi-ceaseless-generation-transformation,liezi,position,-400,1,true,tiandao-metaphysics;nature-technology,source-reviewed,classical-2-2026-07-14-a,2026-07-17
yang-zhu-for-self-no-hair-for-world,yang-zhu,position,-400,1,true,ethics-cultivation;politics-governance,source-reviewed,classical-2-2026-07-14-a,2026-07-17
shang-yang-law-trust-authority,shang-yang,position,-360,1,true,politics-governance;ritual-law,source-reviewed,classical-2026-07-14-a,2026-07-17
shen-buhai-technique-name-performance,shen-buhai,position,-350,1,true,politics-governance;names-language,source-reviewed,classical-2026-07-14-a,2026-07-17
sun-bin-war-neither-delight-nor-profit,sun-bin,position,-340,1,true,politics-governance;ethics-cultivation,source-reviewed,classical-2-2026-07-14-a,2026-07-17
mencius-moral-sprouts,mencius,position,-330,1,true,mind-human-nature;ethics-cultivation,source-reviewed,phase1-editorial,2026-07-13
mencius-nature-good,mencius,position,-330,2,true,mind-human-nature;ethics-cultivation,source-reviewed,phase1-editorial,2026-07-13
mencius-people-priority,mencius,position,-330,3,true,ethics-cultivation;politics-governance,source-reviewed,phase1-editorial,2026-07-13
mencius-kingly-way,mencius,position,-330,4,false,ethics-cultivation;politics-governance,source-reviewed,phase1-editorial,2026-07-14
mencius-rightness-profit,mencius,position,-330,5,false,ethics-cultivation;politics-governance;society-world,source-reviewed,phase1-editorial,2026-07-14
mencius-flood-like-qi,mencius,position,-330,6,false,mind-human-nature;ethics-cultivation,source-reviewed,phase1-editorial,2026-07-14
hui-shi-great-one-small-one,hui-shi,position,-320,1,true,tiandao-metaphysics;names-language,source-reviewed,classical-2026-07-14-a,2026-07-17
zhuangzi-perspectives,zhuangzi,position,-320,1,true,knowledge-method;names-language,source-reviewed,phase1-editorial,2026-07-13
zhuangzi-no-fixed-self,zhuangzi,position,-320,2,true,mind-human-nature;ethics-cultivation,source-reviewed,phase1-editorial,2026-07-13
zhuangzi-ten-thousand-one,zhuangzi,position,-320,3,true,tiandao-metaphysics;nature-technology,source-reviewed,phase1-editorial,2026-07-13
zhuangzi-free-easy-wandering,zhuangzi,position,-320,4,false,mind-human-nature;ethics-cultivation;nature-technology,source-reviewed,phase1-editorial,2026-07-14
zhuangzi-skill-cultivation,zhuangzi,position,-320,5,false,knowledge-method;ethics-cultivation;nature-technology,source-reviewed,phase1-editorial,2026-07-14
zhuangzi-life-death,zhuangzi,position,-320,6,false,tiandao-metaphysics;ethics-cultivation,source-reviewed,phase1-editorial,2026-07-14
gaozi-life-is-nature,gaozi,position,-315,1,true,mind-human-nature;ethics-cultivation,source-reviewed,classical-2026-07-14-a,2026-07-17
xu-xing-ruler-shares-labor,xu-xing,position,-315,1,true,politics-governance;society-world;ethics-cultivation,source-reviewed,classical-2026-07-14-a,2026-07-17
shen-dao-follow-necessity,shen-dao,position,-310,1,true,tiandao-metaphysics;knowledge-method,source-reviewed,classical-2026-07-14-a,2026-07-17
zou-yan-five-virtues-historical-succession,zou-yan,position,-300,1,true,history-culture;tiandao-metaphysics;politics-governance,source-reviewed,classical-2-2026-07-14-a,2026-07-17
gongsun-long-white-horse-not-horse,gongsun-long,position,-285,1,true,names-language,source-reviewed,classical-2026-07-14-a,2026-07-17
xunzi-nature-transformation,xunzi,position,-270,1,true,mind-human-nature;ethics-cultivation,source-reviewed,phase1-editorial,2026-07-13
xunzi-ritual-order,xunzi,position,-270,2,true,ethics-cultivation;politics-governance;ritual-law,source-reviewed,phase1-editorial,2026-07-13
xunzi-heaven-constant,xunzi,position,-270,3,true,tiandao-metaphysics;nature-technology,source-reviewed,phase1-editorial,2026-07-13
xunzi-encouragement-learning,xunzi,position,-270,4,false,knowledge-method;ethics-cultivation;education-hermeneutics,source-reviewed,phase1-editorial,2026-07-14
xunzi-rectification-names,xunzi,position,-270,5,false,names-language;politics-governance,source-reviewed,phase1-editorial,2026-07-14
xunzi-rightness-profit,xunzi,position,-270,6,false,ethics-cultivation;politics-governance;society-world,source-reviewed,phase1-editorial,2026-07-14
han-fei-two-handles,han-fei,position,-250,1,true,politics-governance;ritual-law,source-reviewed,classical-2026-07-14-a,2026-07-17
lu-buwei-law-must-change-with-times,lu-buwei,position,-245,1,true,politics-governance;ritual-law;history-culture,source-reviewed,classical-2-2026-07-14-a,2026-07-17
li-si-state-strength-through-inclusion,li-si,position,-237,1,true,politics-governance;society-world,source-reviewed,classical-2-2026-07-14-a,2026-07-17
dong-zhongshu-heaven-warns-ruler,dong-zhongshu,position,-140,1,true,politics-governance;nature-technology;religion-transcendence,source-reviewed,classical-2026-07-14-a,2026-07-17
liu-an-dao-encompasses-cosmos,liu-an,position,-140,1,true,tiandao-metaphysics;nature-technology,source-reviewed,classical-2026-07-14-a,2026-07-17
liu-an-qi-differentiates-cosmos,liu-an,position,-140,2,false,tiandao-metaphysics;nature-technology,source-reviewed,codex-han-tang-expansion-2026-07-17,2026-07-17
dong-zhongshu-five-phases-governance,dong-zhongshu,position,-135,2,false,tiandao-metaphysics;politics-governance;nature-technology,source-reviewed,codex-han-tang-expansion-2026-07-17,2026-07-17
sima-tan-six-schools-shared-governance,sima-tan,position,-125,1,true,history-culture;politics-governance,source-reviewed,classical-2026-07-14-a,2026-07-17
sima-qian-death-value-by-purpose,sima-qian,position,-105,1,true,ethics-cultivation;history-culture,source-reviewed,classical-2-2026-07-14-a,2026-07-17
yang-xiong-nature-mixed-cultivation,yang-xiong,position,-10,1,true,mind-human-nature;ethics-cultivation,source-reviewed,classical-2-2026-07-14-a,2026-07-17
huan-tan-spirit-dependent-on-body,huan-tan,position,5,1,true,mind-human-nature;tiandao-metaphysics;nature-technology,source-reviewed,classical-2-2026-07-14-a,2026-07-17
wang-chong-spontaneous-generation,wang-chong,position,65,1,true,tiandao-metaphysics;nature-technology,source-reviewed,classical-2026-07-14-a,2026-07-17
wang-chong-dead-lack-awareness,wang-chong,position,85,2,false,mind-human-nature;tiandao-metaphysics;religion-transcendence,source-reviewed,codex-han-tang-expansion-2026-07-17,2026-07-17
ban-zhao-educate-women,ban-zhao,position,100,1,true,education-hermeneutics;society-world;ethics-cultivation,source-reviewed,codex-medieval-source-review-2,2026-07-17
wang-fu-people-ground-state,wang-fu,position,150,1,true,politics-governance;society-world,source-reviewed,codex-medieval-source-review-2,2026-07-17
zheng-xuan-ritual-constitutes-person,zheng-xuan,position,190,1,true,ritual-law;ethics-cultivation,source-reviewed,codex-medieval-source-review-2,2026-07-17
zhongchang-tong-human-affairs-primary,zhongchang-tong,position,205,1,true,politics-governance;knowledge-method,source-reviewed,codex-ultimate-candidate-expansion-2026-07-17,2026-07-17
he-yan-nonbeing-ground-of-being,he-yan,position,240,1,true,tiandao-metaphysics,source-reviewed,codex-medieval-source-review,2026-07-17
wang-bi-being-rooted-in-nonbeing,wang-bi,position,245,1,true,tiandao-metaphysics,source-reviewed,codex-medieval-source-review,2026-07-17
wang-bi-forget-words-grasp-meaning,wang-bi,position,245,2,false,names-language;knowledge-method;tiandao-metaphysics,source-reviewed,codex-han-tang-expansion-2026-07-17,2026-07-17
ji-kang-sound-without-emotion,ji-kang,position,250,1,true,aesthetics-art;mind-human-nature,source-reviewed,codex-medieval-source-review,2026-07-17
ji-kang-nourishing-life-unifies-body-spirit,ji-kang,position,250,2,false,ethics-cultivation;mind-human-nature;nature-technology,source-reviewed,codex-han-tang-expansion-2026-07-17,2026-07-17
ruan-ji-great-person-beyond-ritual,ruan-ji,position,250,1,true,ethics-cultivation;politics-governance,source-reviewed,codex-medieval-source-review-2,2026-07-17
xiang-xiu-desire-natural-but-ritually-regulated,xiang-xiu,position,260,1,true,ethics-cultivation;mind-human-nature,source-reviewed,codex-medieval-source-review-2,2026-07-17
lu-sheng-names-distinguish-and-govern,lu-sheng,position,290,1,true,names-language;knowledge-method;politics-governance,source-reviewed,codex-ultimate-candidate-expansion-2026-07-17,2026-07-17
pei-wei-being-self-generates,pei-wei,position,290,1,true,tiandao-metaphysics;politics-governance,source-reviewed,codex-medieval-source-review-2,2026-07-17
guo-xiang-things-self-generate,guo-xiang,position,300,1,true,tiandao-metaphysics;nature-technology,source-reviewed,codex-medieval-source-review,2026-07-17
guo-xiang-independence-through-dependence,guo-xiang,position,300,2,false,tiandao-metaphysics;ethics-cultivation;society-world,source-reviewed,codex-han-tang-expansion-2026-07-17,2026-07-17
ge-hong-immortality-learnable,ge-hong,position,320,1,true,religion-transcendence;ethics-cultivation;nature-technology,source-reviewed,codex-medieval-source-review-2,2026-07-17
ge-hong-virtue-precedes-immortality,ge-hong,position,320,2,false,ethics-cultivation;religion-transcendence,source-reviewed,codex-han-tang-expansion-2026-07-17,2026-07-17
zhi-dun-freedom-not-mere-satisfaction,zhi-dun,position,350,1,true,mind-human-nature;ethics-cultivation;tiandao-metaphysics,source-reviewed,codex-medieval-source-review-2,2026-07-17
huiyuan-monastic-autonomy,huiyuan,position,400,1,true,politics-governance;religion-transcendence;ethics-cultivation,source-reviewed,codex-medieval-source-review-2,2026-07-17
sengzhao-emptiness-not-annihilation,sengzhao,position,410,1,true,tiandao-metaphysics;knowledge-method,source-reviewed,codex-medieval-source-review,2026-07-17
sengzhao-motion-and-stillness-nondual,sengzhao,position,410,2,false,tiandao-metaphysics;knowledge-method,source-reviewed,codex-han-tang-expansion-2026-07-17,2026-07-17
daosheng-all-beings-can-become-buddhas,daosheng,position,430,1,true,religion-transcendence;mind-human-nature,source-reviewed,codex-medieval-source-review,2026-07-17
fan-zhen-mind-function-of-body,fan-zhen,position,490,1,true,mind-human-nature;tiandao-metaphysics,source-reviewed,codex-medieval-source-review-2,2026-07-17
bodhidharma-two-entrances-practice,bodhidharma,position,520,1,true,religion-transcendence;ethics-cultivation;mind-human-nature,source-reviewed,codex-zen-modern-source-review,2026-07-17
zhiyi-three-thousand-in-one-thought,zhiyi,position,594,1,true,tiandao-metaphysics;mind-human-nature;religion-transcendence,source-reviewed,codex-medieval-source-review,2026-07-17
jizang-two-truths-pedagogical,jizang,position,600,1,true,knowledge-method;names-language;tiandao-metaphysics,source-reviewed,codex-medieval-source-review-2,2026-07-17
wang-tong-learning-serves-governance,wang-tong-sui,position,605,1,true,politics-governance;education-hermeneutics,source-reviewed,codex-ultimate-candidate-expansion-2026-07-17,2026-07-17
du-shun-emptiness-form-nonobstruction,du-shun,position,620,1,true,tiandao-metaphysics;religion-transcendence,source-reviewed,codex-medieval-source-review-2,2026-07-17
lv-cai-test-divination-against-classics,lv-cai,position,640,1,true,knowledge-method;nature-technology,source-reviewed,codex-ultimate-candidate-expansion-2026-07-17,2026-07-17
xuanzang-color-not-apart-consciousness,xuanzang,position,650,1,true,knowledge-method;mind-human-nature;names-language,source-reviewed,codex-medieval-source-review-2,2026-07-17
kuiji-consciousness-only-not-nihilism,kuiji,position,680,1,true,knowledge-method;mind-human-nature;tiandao-metaphysics,source-reviewed,codex-medieval-source-review-2,2026-07-17
fazang-dependent-arising-golden-lion,fazang,position,700,1,true,tiandao-metaphysics;religion-transcendence,source-reviewed,codex-medieval-source-review,2026-07-17
fazang-one-is-all-nonobstruction,fazang,position,700,2,false,tiandao-metaphysics;religion-transcendence;knowledge-method,source-reviewed,codex-han-tang-expansion-2026-07-17,2026-07-17
huineng-intrinsically-pure-self-nature,huineng,position,700,1,true,mind-human-nature;religion-transcendence;ethics-cultivation,source-reviewed,codex-medieval-source-review,2026-07-17
shenxiu-concentrate-mind-quiet-thought,shenxiu,position,700,1,true,mind-human-nature;ethics-cultivation;religion-transcendence,source-reviewed,codex-medieval-source-review-2,2026-07-17
shenhui-no-thought-and-nonaction,shenhui,position,740,1,true,mind-human-nature;ethics-cultivation;religion-transcendence,source-reviewed,codex-medieval-source-review-2,2026-07-17
mazu-mind-is-buddha,mazu-daoyi,position,770,1,true,mind-human-nature;religion-transcendence;ethics-cultivation,source-reviewed,codex-medieval-source-review-2,2026-07-17
han-yu-ren-yi-dao-de,han-yu,position,800,1,true,ethics-cultivation;politics-governance,source-reviewed,codex-medieval-source-review-2,2026-07-17
han-yu-confucian-succession,han-yu,position,800,2,false,history-culture;education-hermeneutics;politics-governance,source-reviewed,codex-han-tang-expansion-2026-07-17,2026-07-17
li-ao-nature-obscured-by-emotions,li-ao,position,810,1,true,mind-human-nature;ethics-cultivation,source-reviewed,codex-medieval-source-review-2,2026-07-17
liu-zongyuan-enfeoffment-product-of-circumstance,liu-zongyuan,position,810,1,true,politics-governance;history-culture,source-reviewed,codex-medieval-source-review-2,2026-07-17
liu-zongyuan-heaven-human-separate-functions,liu-zongyuan,position,810,2,false,tiandao-metaphysics;politics-governance;nature-technology,source-reviewed,codex-han-tang-expansion-2026-07-17,2026-07-17
zongmi-sudden-awakening-gradual-cultivation,zongmi,position,830,1,true,mind-human-nature;knowledge-method;ethics-cultivation;religion-transcendence,source-reviewed,codex-medieval-source-review,2026-07-17
zongmi-originally-aware-true-mind,zongmi,position,830,2,false,mind-human-nature;religion-transcendence;education-hermeneutics,source-reviewed,codex-han-tang-expansion-2026-07-17,2026-07-17
huangbo-one-mind-no-external-buddha,huangbo-xiyun,position,850,1,true,mind-human-nature;religion-transcendence;ethics-cultivation,source-reviewed,codex-zen-modern-source-review,2026-07-17
linji-master-of-every-situation,linji-yixuan,position,860,1,true,mind-human-nature;ethics-cultivation;religion-transcendence,source-reviewed,codex-zen-modern-source-review,2026-07-17
wunengzi-humans-continuous-with-animals,wunengzi,position,890,1,true,society-world;nature-technology;tiandao-metaphysics,source-reviewed,codex-ultimate-candidate-expansion-2026-07-17,2026-07-17
zhou-dunyi-sincerity-root-practice,zhou-dunyi,position,1045,2,false,ethics-cultivation;tiandao-metaphysics,source-reviewed,codex-song-qing-primary-and-comparative-pass,2026-07-17
zhang-zai-cosmic-kinship,zhang-zai,position,1048,2,false,ethics-cultivation;society-world;tiandao-metaphysics,source-reviewed,codex-song-qing-primary-and-comparative-pass,2026-07-17
shao-yong-cosmos-correlative-pairs,shao-yong,position,1065,1,true,tiandao-metaphysics;nature-technology,source-reviewed,codex-primary-source-pass,2026-07-17
zhou-dunyi-taiji-yinyang-generation,zhou-dunyi,position,1065,1,true,tiandao-metaphysics,source-reviewed,codex-primary-source-pass,2026-07-17
cheng-yi-nature-is-principle,cheng-yi,position,1070,2,false,mind-human-nature;tiandao-metaphysics;ethics-cultivation,source-reviewed,codex-song-qing-primary-and-comparative-pass,2026-07-17
zhang-zai-great-void-qi,zhang-zai,position,1070,1,true,tiandao-metaphysics,source-reviewed,codex-primary-source-pass,2026-07-17
cheng-hao-ren-one-body,cheng-hao,position,1075,1,true,ethics-cultivation;tiandao-metaphysics,source-reviewed,codex-primary-source-pass,2026-07-17
su-shi-knowledge-requires-practice,su-shi,position,1084,1,true,knowledge-method;ethics-cultivation,source-reviewed,codex-primary-source-pass,2026-07-17
cheng-yi-reverence-investigation,cheng-yi,position,1085,1,true,ethics-cultivation;knowledge-method,source-reviewed,codex-primary-source-pass,2026-07-17
hu-hong-nature-beyond-good-evil,hu-hong,position,1150,1,true,mind-human-nature;tiandao-metaphysics;ethics-cultivation,source-reviewed,codex-primary-source-pass,2026-07-17
zhu-xi-investigate-things-cumulative,zhu-xi,position,1165,2,false,knowledge-method;education-hermeneutics;ethics-cultivation,source-reviewed,codex-song-qing-primary-and-comparative-pass,2026-07-17
lu-jiuyuan-remove-obscurations-original-mind,lu-jiuyuan,position,1166,2,false,mind-human-nature;ethics-cultivation;knowledge-method,source-reviewed,codex-song-qing-primary-and-comparative-pass,2026-07-17
zhang-shi-righteousness-without-profit-motive,zhang-shi,position,1175,1,true,ethics-cultivation,source-reviewed,codex-primary-source-pass,2026-07-17
lu-jiuyuan-mind-universe,lu-jiuyuan,position,1180,1,true,mind-human-nature;tiandao-metaphysics;ethics-cultivation,source-reviewed,codex-primary-source-pass,2026-07-17
lv-zuqian-historical-situated-understanding,lv-zuqian,position,1180,1,true,history-culture;education-hermeneutics;ethics-cultivation,source-reviewed,codex-primary-source-pass,2026-07-17
zhu-xi-ren-generative-heart,zhu-xi,position,1180,1,true,ethics-cultivation;tiandao-metaphysics;nature-technology,source-reviewed,codex-primary-source-pass,2026-07-17
chen-liang-dao-within-things-affairs,chen-liang,position,1185,1,true,tiandao-metaphysics;politics-governance;history-culture,source-reviewed,codex-primary-source-pass,2026-07-17
ye-shi-one-realized-through-pairs,ye-shi,position,1200,1,true,tiandao-metaphysics;knowledge-method;nature-technology,source-reviewed,codex-primary-source-pass,2026-07-17
xu-heng-reverence-and-investigation,xu-heng,position,1270,1,true,ethics-cultivation;knowledge-method,source-reviewed,codex-primary-source-pass,2026-07-17
wang-yinglin-learning-requires-broad-evidence,wang-yinglin,position,1275,1,true,knowledge-method;history-culture;education-hermeneutics,source-reviewed,codex-primary-source-pass,2026-07-17
wu-cheng-dao-within-mind,wu-cheng,position,1300,1,true,mind-human-nature;tiandao-metaphysics;ethics-cultivation,source-reviewed,codex-primary-source-pass,2026-07-17
wu-yubi-learning-in-minute-affairs,wu-yubi,position,1440,1,true,ethics-cultivation;education-hermeneutics,source-reviewed,codex-primary-source-pass,2026-07-17
chen-xianzhang-stillness-moral-intimation,chen-xianzhang,position,1475,1,true,ethics-cultivation;mind-human-nature;knowledge-method,source-reviewed,codex-primary-source-pass,2026-07-17
wang-yangming-liangzhi-present-knowing,wang-yangming,position,1505,2,false,mind-human-nature;ethics-cultivation,source-reviewed,codex-song-qing-primary-and-comparative-pass,2026-07-17
luo-qinshun-principle-is-qi-pattern,luo-qinshun,position,1515,1,true,tiandao-metaphysics;knowledge-method,source-reviewed,codex-ultimate-candidate-expansion-2026-07-17,2026-07-17
wang-gen-self-respect-foundation-governance,wang-gen,position,1515,2,false,ethics-cultivation;politics-governance,source-reviewed,codex-song-qing-primary-and-comparative-pass,2026-07-17
wang-yangming-unity-knowledge-action,wang-yangming,position,1515,1,true,knowledge-method;ethics-cultivation,source-reviewed,codex-primary-source-pass,2026-07-17
wang-tingxiang-primordial-qi-is-ultimate,wang-tingxiang,position,1525,1,true,tiandao-metaphysics;nature-technology,source-reviewed,codex-ultimate-candidate-expansion-2026-07-17,2026-07-17
zhan-ruoshui-recognize-principle-everywhere,zhan-ruoshui,position,1525,1,true,ethics-cultivation;knowledge-method,source-reviewed,codex-primary-source-pass,2026-07-17
wang-gen-way-in-common-daily-life,wang-gen,position,1530,1,true,ethics-cultivation;politics-governance,source-reviewed,codex-primary-source-pass,2026-07-17
qian-dehong-no-good-evil-and-cultivation,qian-dehong,position,1550,1,true,mind-human-nature;ethics-cultivation,source-reviewed,codex-primary-source-pass,2026-07-17
wang-ji-four-nothings,wang-ji,position,1550,1,true,mind-human-nature;tiandao-metaphysics;ethics-cultivation,source-reviewed,codex-primary-source-pass,2026-07-17
li-zhi-daily-needs-human-relations,li-zhi,position,1565,2,false,ethics-cultivation;society-world;mind-human-nature,source-reviewed,codex-song-qing-primary-and-comparative-pass,2026-07-17
luo-rufang-filial-affection-original-mind,luo-rufang,position,1570,1,true,mind-human-nature;ethics-cultivation;education-hermeneutics,source-reviewed,codex-primary-source-pass,2026-07-17
li-zhi-childlike-mind-authenticity,li-zhi,position,1590,1,true,mind-human-nature;aesthetics-art;ethics-cultivation,source-reviewed,codex-primary-source-pass,2026-07-17
lv-kun-form-and-qi-generate-world,lv-kun,position,1593,1,true,tiandao-metaphysics;nature-technology,source-reviewed,codex-ultimate-candidate-expansion-2026-07-17,2026-07-17
gao-panlong-embodied-way-unifies-knowing-doing,gao-panlong,position,1600,1,true,ethics-cultivation;knowledge-method,source-reviewed,codex-ultimate-candidate-expansion-2026-07-17,2026-07-17
gu-xiancheng-moral-practice-and-public-duty,gu-xiancheng,position,1604,1,true,ethics-cultivation;politics-governance;education-hermeneutics,source-reviewed,codex-ultimate-candidate-expansion-2026-07-17,2026-07-17
liu-zongzhou-vigilance-in-solitude,liu-zongzhou,position,1635,1,true,mind-human-nature;ethics-cultivation,source-reviewed,codex-primary-source-pass,2026-07-17
wang-daiyu-true-one-transcends-form,wang-daiyu,position,1640,1,true,religion-transcendence;tiandao-metaphysics,source-reviewed,codex-primary-source-pass,2026-07-17
fang-yizhi-empirical-investigation-of-things,fang-yizhi,position,1643,1,true,nature-technology;knowledge-method,source-reviewed,codex-ultimate-candidate-expansion-2026-07-17,2026-07-17
gu-yanwu-classics-ground-principle-learning,gu-yanwu,position,1650,2,false,education-hermeneutics;knowledge-method;history-culture,source-reviewed,codex-song-qing-primary-and-comparative-pass,2026-07-17
huang-zongxi-law-public-not-dynastic,huang-zongxi,position,1650,2,false,politics-governance;ritual-law;society-world,source-reviewed,codex-song-qing-primary-and-comparative-pass,2026-07-17
wang-fuzhi-constant-principle-daily-renewal,wang-fuzhi,position,1655,2,false,tiandao-metaphysics;history-culture,source-reviewed,codex-song-qing-primary-and-comparative-pass,2026-07-17
wang-fuzhi-dao-in-concrete-things,wang-fuzhi,position,1660,1,true,tiandao-metaphysics;education-hermeneutics,source-reviewed,codex-primary-source-pass,2026-07-17
huang-zongxi-world-primary-ruler-guest,huang-zongxi,position,1663,1,true,politics-governance;ethics-cultivation,source-reviewed,codex-primary-source-pass,2026-07-17
gu-yanwu-everyone-responsible-for-tianxia,gu-yanwu,position,1670,1,true,politics-governance;ethics-cultivation;history-culture,source-reviewed,codex-primary-source-pass,2026-07-17
yan-yuan-learning-through-active-practice,yan-yuan,position,1670,2,false,education-hermeneutics;knowledge-method;ethics-cultivation,source-reviewed,codex-song-qing-primary-and-comparative-pass,2026-07-17
ma-zhu-divine-unity-obedience,ma-zhu,position,1685,1,true,religion-transcendence;ethics-cultivation;politics-governance,source-reviewed,codex-primary-source-pass,2026-07-17
yan-yuan-knowledge-through-practice,yan-yuan,position,1685,1,true,knowledge-method;education-hermeneutics;ethics-cultivation,source-reviewed,codex-primary-source-pass,2026-07-17
tang-zhen-emperors-as-predatory-power,tang-zhen,position,1690,1,true,politics-governance;society-world,source-reviewed,codex-ultimate-candidate-expansion-2026-07-17,2026-07-17
li-gong-learning-is-enactment,li-gong,position,1700,1,true,education-hermeneutics;knowledge-method;ethics-cultivation,source-reviewed,codex-primary-source-pass,2026-07-17
liu-zhi-real-one-and-numerical-one,liu-zhi,position,1715,1,true,religion-transcendence;tiandao-metaphysics,source-reviewed,codex-primary-source-pass,2026-07-17
dai-zhen-blood-qi-and-mind-one-root,dai-zhen,position,1750,2,false,mind-human-nature;ethics-cultivation,source-reviewed,codex-song-qing-primary-and-comparative-pass,2026-07-17
zhang-xuecheng-way-never-separate-instruments,zhang-xuecheng,position,1770,2,false,history-culture;education-hermeneutics;tiandao-metaphysics,source-reviewed,codex-song-qing-primary-and-comparative-pass,2026-07-17
dai-zhen-li-fulfillment-feeling,dai-zhen,position,1775,1,true,ethics-cultivation;mind-human-nature;politics-governance,source-reviewed,codex-primary-source-pass,2026-07-17
zhang-xuecheng-six-classics-are-history,zhang-xuecheng,position,1780,1,true,history-culture;education-hermeneutics,source-reviewed,codex-primary-source-pass,2026-07-17
gong-zizhen-institutions-change-talent-judgment,gong-zizhen,position,1815,1,true,politics-governance;history-culture,source-reviewed,late-qing-republic-2026-07-15-a,2026-07-17
jiao-xun-nature-capacity-through-practice,jiao-xun,position,1815,1,true,ethics-cultivation;education-hermeneutics,source-reviewed,codex-primary-source-pass,2026-07-17
ruan-yuan-ren-between-persons,ruan-yuan,position,1820,1,true,ethics-cultivation;names-language;education-hermeneutics,source-reviewed,codex-primary-source-pass,2026-07-17
wei-yuan-learn-foreign-techniques-for-strategic-agency,wei-yuan,position,1825,1,true,society-world;nature-technology;politics-governance,source-reviewed,late-qing-republic-2026-07-15-a,2026-07-17
feng-guifen-chinese-ethics-western-techniques,feng-guifen,position,1861,1,true,history-culture;politics-governance;nature-technology,source-reviewed,codex-ultimate-candidate-expansion-2026-07-17,2026-07-17
tan-sitong-ren-as-communication,tan-sitong,position,1885,1,true,tiandao-metaphysics;ethics-cultivation;politics-governance,source-reviewed,modern-primary-batch,2026-07-17
yan-fu-national-strength-people-capacity-intelligence-virtue,yan-fu,position,1885,1,true,politics-governance;education-hermeneutics;ethics-cultivation,source-reviewed,late-qing-republic-2026-07-15-a,2026-07-17
kang-youwei-great-unity-abolish-national-boundaries,kang-youwei,position,1890,1,true,society-world;politics-governance,source-reviewed,late-qing-republic-2026-07-15-a,2026-07-17
liang-qichao-renew-the-people,liang-qichao,position,1900,1,true,politics-governance;ethics-cultivation;education-hermeneutics;history-culture,source-reviewed,modern-primary-batch,2026-07-17
yan-fu-free-speech-civil-society,yan-fu,position,1903,2,false,politics-governance;ritual-law;history-culture,source-reviewed,modern-expansion-agent-2026-07-17,2026-07-17
sun-yat-sen-popular-sovereignty,sun-yat-sen,position,1905,1,true,politics-governance;ritual-law;history-culture,source-reviewed,modern-primary-batch,2026-07-17
zhang-taiyan-revolution-produces-public-reason-and-removes-custom,zhang-taiyan,position,1905,1,true,politics-governance;ritual-law;history-culture,source-reviewed,late-qing-republic-2026-07-15-a,2026-07-17
he-zhen-gender-subjugation-interlocks-capitalism-imperialism-patriarchy,he-zhen,position,1907,1,true,society-world;politics-governance,source-reviewed,late-qing-republic-2026-07-15-a,2026-07-17
cai-yuanpei-education-personality,cai-yuanpei,position,1915,1,true,education-hermeneutics;ethics-cultivation;aesthetics-art,source-reviewed,modern-primary-batch,2026-07-17
hu-shi-hypothesis-verification-method,hu-shi,position,1919,2,false,knowledge-method;nature-technology;history-culture,source-reviewed,modern-expansion-agent-2026-07-17,2026-07-17
liang-shuming-cultural-inward-moderation,liang-shuming,position,1921,1,true,history-culture;ethics-cultivation,source-reviewed,modern-confucian-source-pass,2026-07-17
zhang-junmai-mind-free-will-causality,zhang-junmai,position,1923,2,false,mind-human-nature;tiandao-metaphysics;nature-technology,source-reviewed,modern-expansion-agent-2026-07-17,2026-07-17
sun-yat-sen-livelihood-public-responsibility,sun-yat-sen,position,1924,2,false,politics-governance;society-world,source-reviewed,modern-expansion-agent-2026-07-17,2026-07-17
hu-shi-problems-before-isms,hu-shi,position,1925,1,true,knowledge-method;politics-governance;history-culture,source-reviewed,modern-primary-batch,2026-07-17
xiong-shili-wisdom-nondual,xiong-shili,position,1932,1,true,knowledge-method;mind-human-nature;tiandao-metaphysics,source-reviewed,modern-confucian-source-pass,2026-07-17
xiong-shili-reality-internal-self-realization,xiong-shili,position,1932,2,false,tiandao-metaphysics;mind-human-nature;knowledge-method,source-reviewed,modern-expansion-agent-2026-07-17,2026-07-17
lu-xun-selective-cultural-appropriation,lu-xun,position,1934,1,true,history-culture;aesthetics-art;knowledge-method,source-reviewed,codex-ultimate-candidate-expansion-2026-07-17,2026-07-17
li-da-dialectics-logic-epistemology-unified-practical-philosophy,li-da,position,1935,1,true,knowledge-method;names-language,source-reviewed,late-qing-republic-2026-07-15-a,2026-07-17
ma-yifu-six-arts-interconnected-hermeneutic-whole,ma-yifu,position,1935,1,true,education-hermeneutics;tiandao-metaphysics,source-reviewed,late-qing-republic-2026-07-15-a,2026-07-17
zhang-dongsun-knowledge-culturally-and-linguistically-mediated,zhang-dongsun,position,1935,1,true,knowledge-method;names-language;history-culture,source-reviewed,late-qing-republic-2026-07-15-a,2026-07-17
zhang-junmai-science-limited-before-free-life-outlook,zhang-junmai,position,1935,1,true,nature-technology;tiandao-metaphysics;ethics-cultivation,source-reviewed,late-qing-republic-2026-07-15-a,2026-07-17
ai-siqi-philosophy-worldview-practical,ai-siqi,position,1936,1,true,knowledge-method;politics-governance;education-hermeneutics,source-reviewed,codex-zen-modern-source-review,2026-07-17
ai-siqi-philosophy-popular-language,ai-siqi,position,1936,2,false,education-hermeneutics;knowledge-method,source-reviewed,modern-expansion-agent-2026-07-17,2026-07-17
mao-zedong-contradiction-particularity-method,mao-zedong,position,1937,2,false,knowledge-method;politics-governance,source-reviewed,modern-expansion-agent-2026-07-17,2026-07-17
feng-youlan-true-real-realm,feng-youlan,position,1939,1,true,tiandao-metaphysics,source-reviewed,modern-confucian-source-pass,2026-07-17
feng-youlan-universal-particular-logical-analysis,feng-youlan,position,1940,2,false,tiandao-metaphysics;names-language;knowledge-method,source-reviewed,modern-expansion-agent-2026-07-17,2026-07-17
he-lin-confucianism-organic-renewal,he-lin,position,1940,1,true,history-culture;education-hermeneutics;ethics-cultivation,source-reviewed,codex-zen-modern-source-review,2026-07-17
jin-yuelin-dao-formed-stuff-unity,jin-yuelin,position,1940,1,true,tiandao-metaphysics;names-language,source-reviewed,late-qing-republic-2026-07-15-a,2026-07-17
mao-zedong-practice-truth,mao-zedong,position,1945,1,true,knowledge-method;nature-technology,source-reviewed,modern-primary-batch,2026-07-17
qian-mu-cultural-subjectivity-without-rejecting-western-methods,qian-mu,position,1945,1,true,history-culture;politics-governance,source-reviewed,late-qing-republic-2026-07-15-a,2026-07-17
tang-junyi-human-spirit-intrinsic-value,tang-junyi,position,1953,1,true,history-culture;ethics-cultivation,source-reviewed,modern-confucian-source-pass,2026-07-17
fang-dongmei-universe-living-field,fang-dongmei,position,1960,1,true,tiandao-metaphysics;nature-technology;aesthetics-art,source-reviewed,codex-zen-modern-source-review,2026-07-17
xu-fuguan-embodied-moral-recognition,xu-fuguan,position,1963,2,false,ethics-cultivation;mind-human-nature;knowledge-method,source-reviewed,modern-expansion-agent-2026-07-17,2026-07-17
xu-fuguan-heart-fasting-artistic-subject,xu-fuguan,position,1965,1,true,aesthetics-art;mind-human-nature;ethics-cultivation,source-reviewed,codex-zen-modern-source-review,2026-07-17
mou-zongsan-autonomy-known-practically,mou-zongsan,position,1971,1,true,ethics-cultivation;knowledge-method;mind-human-nature,source-reviewed,modern-confucian-source-pass,2026-07-17
mou-zongsan-moral-feelings-true-self,mou-zongsan,position,1975,2,false,ethics-cultivation;mind-human-nature;tiandao-metaphysics,source-reviewed,modern-expansion-agent-2026-07-17,2026-07-17
tang-junyi-affective-connection-mind-world,tang-junyi,position,1977,2,false,mind-human-nature;knowledge-method;ethics-cultivation,source-reviewed,modern-expansion-agent-2026-07-17,2026-07-17
lao-szekwang-fundamental-question-method,lao-sze-kwang,position,1980,1,true,education-hermeneutics;history-culture;knowledge-method,source-reviewed,codex-zen-modern-source-review,2026-07-17
wang-ruoshui-real-social-practical-human,wang-ruoshui,position,1980,1,true,ethics-cultivation;politics-governance,source-reviewed,codex-zen-modern-source-review,2026-07-17
wang-ruoshui-socialist-alienation-humanism,wang-ruoshui,position,1983,2,false,ethics-cultivation;politics-governance;society-world,source-reviewed,modern-expansion-agent-2026-07-17,2026-07-17
li-zehou-subjectality-productive-practice,li-zehou,position,1985,1,true,knowledge-method;history-culture;aesthetics-art,source-reviewed,codex-primary-source-pass,2026-07-17
zhang-dainian-inclusive-harmony,zhang-dainian,position,1987,1,true,knowledge-method;ethics-cultivation;history-culture,source-reviewed,codex-zen-modern-source-review,2026-07-17
feng-qi-wisdom-general-epistemology,feng-qi,position,1988,2,false,knowledge-method;ethics-cultivation,source-reviewed,modern-expansion-agent-2026-07-17,2026-07-17
zhang-dainian-creative-comprehensive-synthesis,zhang-dainian,position,1988,2,false,tiandao-metaphysics;history-culture,source-reviewed,modern-expansion-agent-2026-07-17,2026-07-17
li-zehou-cultural-sedimentation-aesthetic-body,li-zehou,position,1989,2,false,aesthetics-art;history-culture;mind-human-nature,source-reviewed,modern-expansion-agent-2026-07-17,2026-07-17
feng-qi-theory-into-method-and-virtue,feng-qi,position,1990,1,true,knowledge-method;ethics-cultivation,source-reviewed,codex-zen-modern-source-review,2026-07-17
zhang-shiying-difference-and-interconnection,zhang-shiying,position,1995,1,true,tiandao-metaphysics;education-hermeneutics;history-culture,source-reviewed,codex-zen-modern-source-review,2026-07-17
cheng-chung-ying-onto-hermeneutic-integration,cheng-chung-ying,position,2000,1,true,education-hermeneutics;tiandao-metaphysics;ethics-cultivation,source-reviewed,codex-primary-source-pass,2026-07-17
tu-weiming-anthropocosmic-embedded-humanity,tu-weiming,position,2001,1,true,nature-technology;ethics-cultivation;religion-transcendence,source-reviewed,codex-primary-source-pass,2026-07-17
wang-hui-depoliticization-naturalizes-power,wang-hui,position,2006,1,true,politics-governance;history-culture;society-world,source-reviewed,codex-primary-source-pass,2026-07-17
zhao-tingyang-world-as-political-unit,zhao-tingyang,position,2009,1,true,society-world;politics-governance;ethics-cultivation,source-reviewed,codex-primary-source-pass,2026-07-17
yang-guorong-concrete-metaphysics-authentic-being,yang-guorong,position,2011,1,true,tiandao-metaphysics;ethics-cultivation;knowledge-method,source-reviewed,codex-primary-source-pass,2026-07-17
robin-wang-yinyang-relational-generativity,robin-wang,position,2012,1,true,tiandao-metaphysics;nature-technology;society-world,source-reviewed,codex-primary-source-pass,2026-07-17
jiang-qing-triple-political-legitimacy,jiang-qing,position,2013,1,true,politics-governance;society-world;ethics-cultivation,source-reviewed,codex-primary-source-pass,2026-07-17
chen-lai-relational-value-priorities,chen-lai,position,2015,1,true,ethics-cultivation;history-culture;politics-governance,source-reviewed,codex-primary-source-pass,2026-07-17
huang-yong-self-other-one-body,huang-yong,position,2018,1,true,ethics-cultivation;mind-human-nature,source-reviewed,codex-primary-source-pass,2026-07-17
bai-tongdong-confucian-hybrid-regime,bai-tongdong,position,2019,1,true,politics-governance;ethics-cultivation;ritual-law,source-reviewed,codex-primary-source-pass,2026-07-17
li-chenyang-dynamic-harmony-through-difference,li-chenyang,position,2023,1,true,ethics-cultivation;politics-governance;tiandao-metaphysics,source-reviewed,codex-primary-source-pass,2026-07-17
